server_name,random_intercept,group,model,label
Adrian Mannarino,-0.0711829279638741,m_first,Speed_MPH_z,Average
Alejandro Davidovich Fokina,0.0362684263803581,m_first,Speed_MPH_z,Average
Alejandro Tabilo,0.0357081610569905,m_first,Speed_MPH_z,Average
Aleksandar Kovacevic,0.00570390931873391,m_first,Speed_MPH_z,Average
Aleksandar Vukic,-0.0552607997437267,m_first,Speed_MPH_z,Average
Alex de Minaur,-0.0094681621311869,m_first,Speed_MPH_z,Average
Alex De Minaur,-0.00904556125986662,m_first,Speed_MPH_z,Average
Alex Molcan,0.00373412053743933,m_first,Speed_MPH_z,Average
Alexander Bublik,0.0903138900544435,m_first,Speed_MPH_z,Average
Alexander Zverev,0.187851505875655,m_first,Speed_MPH_z,Over-performer
Alexandre Muller,0.0215482922200319,m_first,Speed_MPH_z,Average
Alexei Popyrin,0.0230642847980941,m_first,Speed_MPH_z,Average
Aljaz Bedene,-0.00173450518005848,m_first,Speed_MPH_z,Average
Andrey Rublev,-0.0276535871420621,m_first,Speed_MPH_z,Average
Andy Murray,0.0902043655306356,m_first,Speed_MPH_z,Average
Arthur Fils,-0.15117273623135,m_first,Speed_MPH_z,Under-performer
Arthur Rinderknech,0.104845481568147,m_first,Speed_MPH_z,Average
Aslan Karatsev,-0.0380644871739225,m_first,Speed_MPH_z,Average
Ben Shelton,0.0620411405381267,m_first,Speed_MPH_z,Average
Benoit Paire,-0.0808502744353981,m_first,Speed_MPH_z,Average
Borna Coric,-0.0807189282337559,m_first,Speed_MPH_z,Average
Botic van De Zandschulp,0.0106643454633564,m_first,Speed_MPH_z,Average
Botic Van De Zandschulp,0.0598287432171852,m_first,Speed_MPH_z,Average
Brandon Nakashima,0.115764895283103,m_first,Speed_MPH_z,Average
Cameron Norrie,0.00479380926944248,m_first,Speed_MPH_z,Average
Carlos Alcaraz,-0.110717864602604,m_first,Speed_MPH_z,Average
Casper Ruud,0.0209260260714339,m_first,Speed_MPH_z,Average
Christopher Eubanks,-0.14321140098915,m_first,Speed_MPH_z,Under-performer
Cristian Garin,-0.0206815398148237,m_first,Speed_MPH_z,Average
Daniel Evans,0.0582145848579564,m_first,Speed_MPH_z,Average
Daniil Medvedev,-0.0329218462291223,m_first,Speed_MPH_z,Average
David Goffin,0.0365324806029276,m_first,Speed_MPH_z,Average
Denis Kudla,-0.0153999380497396,m_first,Speed_MPH_z,Average
Denis Shapovalov,0.00758089100258109,m_first,Speed_MPH_z,Average
Diego Schwartzman,0.0444927523459692,m_first,Speed_MPH_z,Average
Dominic Stricker,0.0449222423428925,m_first,Speed_MPH_z,Average
Dominic Thiem,0.0301774832842941,m_first,Speed_MPH_z,Average
Dominik Koepfer,-0.0357504895354359,m_first,Speed_MPH_z,Average
Dusan Lajovic,-0.0302170479800809,m_first,Speed_MPH_z,Average
Elias Ymer,-0.0310664795215609,m_first,Speed_MPH_z,Average
Emil Ruusuvuori,0.0503166523508915,m_first,Speed_MPH_z,Average
Fabian Marozsan,-0.0650531383228473,m_first,Speed_MPH_z,Average
Fabio Fognini,-0.0242683873904984,m_first,Speed_MPH_z,Average
Facundo Diaz Acosta,-0.0962692657933829,m_first,Speed_MPH_z,Average
Federico Delbonis,-0.0255557998730117,m_first,Speed_MPH_z,Average
Feliciano Lopez,0.00834131836150612,m_first,Speed_MPH_z,Average
Frances Tiafoe,0.0318246472483165,m_first,Speed_MPH_z,Average
Francisco Cerundolo,0.0428992474012927,m_first,Speed_MPH_z,Average
Gael Monfils,0.035477501003662,m_first,Speed_MPH_z,Average
Gijs Brouwer,0.0565754097417883,m_first,Speed_MPH_z,Average
Grigor Dimitrov,0.18606743724125,m_first,Speed_MPH_z,Over-performer
Guido Pella,0.0392002944299219,m_first,Speed_MPH_z,Average
Holger Rune,0.00890147401752027,m_first,Speed_MPH_z,Average
Hubert Hurkacz,0.0440405202786783,m_first,Speed_MPH_z,Average
Hugo Dellien,-0.09524977278233,m_first,Speed_MPH_z,Average
Ilya Ivashka,-0.0477434428504409,m_first,Speed_MPH_z,Average
Jack Draper,0.0629899953405381,m_first,Speed_MPH_z,Average
Jack Sock,-0.0466396858084923,m_first,Speed_MPH_z,Average
James Duckworth,-0.0403600547920626,m_first,Speed_MPH_z,Average
Jannik Sinner,0.0190083022558326,m_first,Speed_MPH_z,Average
Jason Kubler,-0.027938352033771,m_first,Speed_MPH_z,Average
Jaume Munar,-0.0624279827539751,m_first,Speed_MPH_z,Average
Jenson Brooksby,-0.0298897693525515,m_first,Speed_MPH_z,Average
Jiri Lehecka,0.0261522598593299,m_first,Speed_MPH_z,Average
Jiri Vesely,-0.0492494911921888,m_first,Speed_MPH_z,Average
John Isner,0.0834760083171001,m_first,Speed_MPH_z,Average
John Millman,-0.00366025528132171,m_first,Speed_MPH_z,Average
Jordan Thompson,0.0525189761177554,m_first,Speed_MPH_z,Average
Juncheng Shang,0.031277150752531,m_first,Speed_MPH_z,Average
Karen Khachanov,-0.097649516480757,m_first,Speed_MPH_z,Average
Kei Nishikori,-0.0550257911705522,m_first,Speed_MPH_z,Average
Kevin Anderson,-0.0156258383120186,m_first,Speed_MPH_z,Average
Laslo Djere,0.152356311374968,m_first,Speed_MPH_z,Over-performer
Liam Broady,-0.026166801649217,m_first,Speed_MPH_z,Average
Lloyd Harris,-0.0690863813939169,m_first,Speed_MPH_z,Average
Lorenzo Musetti,-0.00704003083342892,m_first,Speed_MPH_z,Average
Lorenzo Sonego,-0.00160200843044857,m_first,Speed_MPH_z,Average
Lucas Pouille,-0.0408517906951718,m_first,Speed_MPH_z,Average
Marco Cecchinato,-0.0256696024616348,m_first,Speed_MPH_z,Average
Marcos Giron,-0.00710365212051622,m_first,Speed_MPH_z,Average
Marin Cilic,-0.0192086507194468,m_first,Speed_MPH_z,Average
Marton Fucsovics,-0.0212340855821628,m_first,Speed_MPH_z,Average
Matteo Berrettini,0.0427093513364562,m_first,Speed_MPH_z,Average
Mattia Bellucci,0.0730966087554129,m_first,Speed_MPH_z,Average
Max Purcell,0.0182479511158107,m_first,Speed_MPH_z,Average
Maxime Cressy,-0.011964014201317,m_first,Speed_MPH_z,Average
Maximilian Marterer,-0.0684216408811336,m_first,Speed_MPH_z,Average
Mikael Ymer,-0.0668956686090933,m_first,Speed_MPH_z,Average
Miomir Kecmanovic,-0.00794753597000768,m_first,Speed_MPH_z,Average
Nick Kyrgios,-0.0886788680855597,m_first,Speed_MPH_z,Average
Nicolas Jarry,-0.0151442971151381,m_first,Speed_MPH_z,Average
Nikoloz Basilashvili,-0.0246049072889466,m_first,Speed_MPH_z,Average
Novak Djokovic,0.038056199611874,m_first,Speed_MPH_z,Average
Oscar Otte,-0.066152523641964,m_first,Speed_MPH_z,Average
Pablo Andujar,0.043993986976656,m_first,Speed_MPH_z,Average
Pedro Cachin,0.0275018427969062,m_first,Speed_MPH_z,Average
Pedro Martinez,-0.00124233968084626,m_first,Speed_MPH_z,Average
Philipp Kohlschreiber,0.143174548139922,m_first,Speed_MPH_z,Over-performer
Quentin Halys,0.0374319805655214,m_first,Speed_MPH_z,Average
Radu Albot,-0.0110108280823019,m_first,Speed_MPH_z,Average
Rafael Nadal,-0.0445400880809467,m_first,Speed_MPH_z,Average
Ricardas Berankis,0.0551069132735504,m_first,Speed_MPH_z,Average
Richard Gasquet,-0.0356790219349677,m_first,Speed_MPH_z,Average
Roberto Bautista Agut,-0.142280133631571,m_first,Speed_MPH_z,Under-performer
Roberto Carballes Baena,-0.112648414752158,m_first,Speed_MPH_z,Average
Roger Federer,0.0154413406838854,m_first,Speed_MPH_z,Average
Roman Safiullin,-0.10409147061274,m_first,Speed_MPH_z,Average
Salvatore Caruso,-0.0502833394717211,m_first,Speed_MPH_z,Average
Sam Querrey,0.0183478312497395,m_first,Speed_MPH_z,Average
Sebastian Korda,-0.0289246148816189,m_first,Speed_MPH_z,Average
Stan Wawrinka,-0.0197173572278182,m_first,Speed_MPH_z,Average
Stefan Kozlov,-0.0702419216045396,m_first,Speed_MPH_z,Average
Stefanos Tsitsipas,0.139691261661801,m_first,Speed_MPH_z,Over-performer
Steve Johnson,0.0126514655588127,m_first,Speed_MPH_z,Average
Tallon Griekspoor,0.00983146909000308,m_first,Speed_MPH_z,Average
Taro Daniel,-0.0338918614820531,m_first,Speed_MPH_z,Average
Taylor Fritz,-0.0284509550658459,m_first,Speed_MPH_z,Average
Tennys Sandgren,-0.013525675515697,m_first,Speed_MPH_z,Average
Thanasi Kokkinakis,-0.000481289883926045,m_first,Speed_MPH_z,Average
Thiago Seyboth Wild,-0.0246017279387591,m_first,Speed_MPH_z,Average
Tim Van Rijthoven,-0.0250662934273965,m_first,Speed_MPH_z,Average
Tommy Paul,0.117822425071384,m_first,Speed_MPH_z,Average
Ugo Humbert,0.0268331039151104,m_first,Speed_MPH_z,Average
Yannick Hanfmann,0.0242063503027564,m_first,Speed_MPH_z,Average
Yibing Wu,-0.0150013410993755,m_first,Speed_MPH_z,Average
Yoshihito Nishioka,0.117925165835375,m_first,Speed_MPH_z,Average
Yosuke Watanuki,0.00858675090852612,m_first,Speed_MPH_z,Average
Adrian Mannarino,-0.23223506875675,m_first,speed_ratio_z,Average
Alejandro Davidovich Fokina,0.0297330552194962,m_first,speed_ratio_z,Average
Alejandro Tabilo,0.0531634123569586,m_first,speed_ratio_z,Average
Aleksandar Kovacevic,0.0281568896957378,m_first,speed_ratio_z,Average
Aleksandar Vukic,-0.116089089360663,m_first,speed_ratio_z,Average
Alex de Minaur,0.00997408801410912,m_first,speed_ratio_z,Average
Alex De Minaur,0.0322438842123725,m_first,speed_ratio_z,Average
Alex Molcan,-0.0202590117906876,m_first,speed_ratio_z,Average
Alexander Bublik,0.267955635957814,m_first,speed_ratio_z,Over-performer
Alexander Zverev,0.440301747632824,m_first,speed_ratio_z,Over-performer
Alexandre Muller,-0.0280605834404156,m_first,speed_ratio_z,Average
Alexei Popyrin,0.0573149387557107,m_first,speed_ratio_z,Average
Aljaz Bedene,-0.0170647289851636,m_first,speed_ratio_z,Average
Andrey Rublev,0.03206108250867,m_first,speed_ratio_z,Average
Andy Murray,0.125320314527527,m_first,speed_ratio_z,Average
Arthur Fils,-0.270262093711442,m_first,speed_ratio_z,Under-performer
Arthur Rinderknech,0.247024349786232,m_first,speed_ratio_z,Average
Aslan Karatsev,-0.0530714830321917,m_first,speed_ratio_z,Average
Ben Shelton,0.112803890728512,m_first,speed_ratio_z,Average
Benoit Paire,-0.175774590577679,m_first,speed_ratio_z,Average
Borna Coric,-0.148967562638603,m_first,speed_ratio_z,Average
Botic van De Zandschulp,0.0539917128049288,m_first,speed_ratio_z,Average
Botic Van De Zandschulp,0.158143300461028,m_first,speed_ratio_z,Average
Brandon Nakashima,0.178651508054356,m_first,speed_ratio_z,Average
Cameron Norrie,-0.0771963035344104,m_first,speed_ratio_z,Average
Carlos Alcaraz,-0.0827160763171015,m_first,speed_ratio_z,Average
Casper Ruud,0.0080626350420148,m_first,speed_ratio_z,Average
Christopher Eubanks,-0.175143940897457,m_first,speed_ratio_z,Average
Cristian Garin,-0.0417528782047553,m_first,speed_ratio_z,Average
Daniel Evans,0.046980807050142,m_first,speed_ratio_z,Average
Daniil Medvedev,0.000718753418308812,m_first,speed_ratio_z,Average
David Goffin,-0.0516681729238931,m_first,speed_ratio_z,Average
Denis Kudla,-0.0182225145352655,m_first,speed_ratio_z,Average
Denis Shapovalov,0.0326840117191916,m_first,speed_ratio_z,Average
Diego Schwartzman,-0.137846533678487,m_first,speed_ratio_z,Average
Dominic Stricker,0.0910893923810438,m_first,speed_ratio_z,Average
Dominic Thiem,0.0769319170077004,m_first,speed_ratio_z,Average
Dominik Koepfer,-0.0959936443605818,m_first,speed_ratio_z,Average
Dusan Lajovic,-0.0989069696844886,m_first,speed_ratio_z,Average
Elias Ymer,-0.0608899297617243,m_first,speed_ratio_z,Average
Emil Ruusuvuori,0.142906523740147,m_first,speed_ratio_z,Average
Fabian Marozsan,-0.142452440802586,m_first,speed_ratio_z,Average
Fabio Fognini,-0.0944708348565776,m_first,speed_ratio_z,Average
Facundo Diaz Acosta,-0.226324042800697,m_first,speed_ratio_z,Average
Federico Delbonis,-0.0789723722407399,m_first,speed_ratio_z,Average
Feliciano Lopez,0.0504995814789045,m_first,speed_ratio_z,Average
Frances Tiafoe,0.123798856910157,m_first,speed_ratio_z,Average
Francisco Cerundolo,0.0607014823050776,m_first,speed_ratio_z,Average
Gael Monfils,0.0482533535482365,m_first,speed_ratio_z,Average
Gijs Brouwer,0.0752552892400105,m_first,speed_ratio_z,Average
Grigor Dimitrov,0.352853226201078,m_first,speed_ratio_z,Over-performer
Guido Pella,0.0601290422447861,m_first,speed_ratio_z,Average
Holger Rune,0.0445815136816177,m_first,speed_ratio_z,Average
Hubert Hurkacz,0.169535511658329,m_first,speed_ratio_z,Average
Hugo Dellien,-0.205575368431758,m_first,speed_ratio_z,Average
Ilya Ivashka,-0.102441567340785,m_first,speed_ratio_z,Average
Jack Draper,0.137951378300754,m_first,speed_ratio_z,Average
Jack Sock,-0.0650988198198122,m_first,speed_ratio_z,Average
James Duckworth,-0.0150394603210858,m_first,speed_ratio_z,Average
Jannik Sinner,0.0891543526735705,m_first,speed_ratio_z,Average
Jason Kubler,-0.0382445534782888,m_first,speed_ratio_z,Average
Jaume Munar,-0.0930014926782326,m_first,speed_ratio_z,Average
Jenson Brooksby,-0.145936392312461,m_first,speed_ratio_z,Average
Jiri Lehecka,0.0631820822313245,m_first,speed_ratio_z,Average
Jiri Vesely,-0.0773314785066149,m_first,speed_ratio_z,Average
John Isner,0.2483482396338,m_first,speed_ratio_z,Average
John Millman,-0.0104693012042557,m_first,speed_ratio_z,Average
Jordan Thompson,0.0888658692104572,m_first,speed_ratio_z,Average
Juncheng Shang,0.0708704728794346,m_first,speed_ratio_z,Average
Karen Khachanov,-0.126107875967926,m_first,speed_ratio_z,Average
Kei Nishikori,-0.183124970546948,m_first,speed_ratio_z,Average
Kevin Anderson,0.00205772672515016,m_first,speed_ratio_z,Average
Laslo Djere,0.281910279887411,m_first,speed_ratio_z,Over-performer
Liam Broady,-0.124521053399762,m_first,speed_ratio_z,Average
Lloyd Harris,-0.144756879225084,m_first,speed_ratio_z,Average
Lorenzo Musetti,-0.0312858432808224,m_first,speed_ratio_z,Average
Lorenzo Sonego,0.0465311419750624,m_first,speed_ratio_z,Average
Lucas Pouille,-0.0803336902528964,m_first,speed_ratio_z,Average
Marco Cecchinato,-0.0723096539357684,m_first,speed_ratio_z,Average
Marcos Giron,-0.0328165343459648,m_first,speed_ratio_z,Average
Marin Cilic,0.00836769515587834,m_first,speed_ratio_z,Average
Marton Fucsovics,-0.030423535382381,m_first,speed_ratio_z,Average
Matteo Berrettini,0.209715639652354,m_first,speed_ratio_z,Average
Mattia Bellucci,0.127309449098793,m_first,speed_ratio_z,Average
Max Purcell,0.0292275767728985,m_first,speed_ratio_z,Average
Maxime Cressy,0.0280297710426331,m_first,speed_ratio_z,Average
Maximilian Marterer,-0.113097955639658,m_first,speed_ratio_z,Average
Mikael Ymer,-0.138883300755811,m_first,speed_ratio_z,Average
Miomir Kecmanovic,-0.0176579410710497,m_first,speed_ratio_z,Average
Nick Kyrgios,-0.0446963698857063,m_first,speed_ratio_z,Average
Nicolas Jarry,0.0576487442105369,m_first,speed_ratio_z,Average
Nikoloz Basilashvili,-0.0800962505006046,m_first,speed_ratio_z,Average
Novak Djokovic,0.0576256610390386,m_first,speed_ratio_z,Average
Oscar Otte,-0.135222459343823,m_first,speed_ratio_z,Average
Pablo Andujar,0.0445876118596648,m_first,speed_ratio_z,Average
Pedro Cachin,0.0640987266605354,m_first,speed_ratio_z,Average
Pedro Martinez,-0.106899472293811,m_first,speed_ratio_z,Average
Philipp Kohlschreiber,0.225978734174608,m_first,speed_ratio_z,Average
Quentin Halys,0.100427399551906,m_first,speed_ratio_z,Average
Radu Albot,-0.0985783588225024,m_first,speed_ratio_z,Average
Rafael Nadal,-0.125061922426255,m_first,speed_ratio_z,Average
Ricardas Berankis,0.0649910667254572,m_first,speed_ratio_z,Average
Richard Gasquet,-0.1217441233581,m_first,speed_ratio_z,Average
Roberto Bautista Agut,-0.337090178358261,m_first,speed_ratio_z,Under-performer
Roberto Carballes Baena,-0.202253146430238,m_first,speed_ratio_z,Average
Roger Federer,-0.0128018575695114,m_first,speed_ratio_z,Average
Roman Safiullin,-0.14353432174549,m_first,speed_ratio_z,Average
Salvatore Caruso,-0.0966932740285086,m_first,speed_ratio_z,Average
Sam Querrey,0.0641137702429266,m_first,speed_ratio_z,Average
Sebastian Korda,-0.0795698573028478,m_first,speed_ratio_z,Average
Stan Wawrinka,0.016819066500522,m_first,speed_ratio_z,Average
Stefan Kozlov,-0.222962334830842,m_first,speed_ratio_z,Average
Stefanos Tsitsipas,0.258641221226278,m_first,speed_ratio_z,Over-performer
Steve Johnson,0.0421805085459454,m_first,speed_ratio_z,Average
Tallon Griekspoor,0.0367463216159037,m_first,speed_ratio_z,Average
Taro Daniel,-0.0749780971214388,m_first,speed_ratio_z,Average
Taylor Fritz,0.0614034699671222,m_first,speed_ratio_z,Average
Tennys Sandgren,-0.0361817046177689,m_first,speed_ratio_z,Average
Thanasi Kokkinakis,0.0484412465160666,m_first,speed_ratio_z,Average
Thiago Seyboth Wild,-0.0775837311801763,m_first,speed_ratio_z,Average
Tim Van Rijthoven,0.0424875945836555,m_first,speed_ratio_z,Average
Tommy Paul,0.0926809420531963,m_first,speed_ratio_z,Average
Ugo Humbert,0.0249402637161561,m_first,speed_ratio_z,Average
Yannick Hanfmann,0.0285095871837295,m_first,speed_ratio_z,Average
Yibing Wu,0.00716341109656073,m_first,speed_ratio_z,Average
Yoshihito Nishioka,0.0804897263637388,m_first,speed_ratio_z,Average
Yosuke Watanuki,0.051290796133463,m_first,speed_ratio_z,Average
Adrian Mannarino,0.0164331152392682,m_second,Speed_MPH_z,Over-performer
Alejandro Davidovich Fokina,0.00917554309594086,m_second,Speed_MPH_z,Average
Alejandro Tabilo,0.000939119837913327,m_second,Speed_MPH_z,Average
Aleksandar Kovacevic,-0.00418468797808106,m_second,Speed_MPH_z,Average
Aleksandar Vukic,-0.0012695018483418,m_second,Speed_MPH_z,Average
Alex de Minaur,-0.0074159211853599,m_second,Speed_MPH_z,Average
Alex De Minaur,0.0070834427625648,m_second,Speed_MPH_z,Average
Alex Molcan,-0.003530079763012,m_second,Speed_MPH_z,Average
Alexander Bublik,-0.0015862248176264,m_second,Speed_MPH_z,Average
Alexander Zverev,0.018749812044706,m_second,Speed_MPH_z,Over-performer
Alexandre Muller,0.0146192871268203,m_second,Speed_MPH_z,Average
Alexei Popyrin,-0.00386754891140322,m_second,Speed_MPH_z,Average
Aljaz Bedene,0.00719949439132201,m_second,Speed_MPH_z,Average
Andrey Rublev,-0.0137514637185597,m_second,Speed_MPH_z,Average
Andy Murray,0.022618521539227,m_second,Speed_MPH_z,Over-performer
Arthur Fils,-0.00511308153409475,m_second,Speed_MPH_z,Average
Arthur Rinderknech,-0.00381885987005079,m_second,Speed_MPH_z,Average
Aslan Karatsev,0.00330532762485874,m_second,Speed_MPH_z,Average
Ben Shelton,0.00242778583162471,m_second,Speed_MPH_z,Average
Benoit Paire,-0.00341298620527402,m_second,Speed_MPH_z,Average
Borna Coric,0.000763112771163756,m_second,Speed_MPH_z,Average
Botic van De Zandschulp,-0.00829603326644304,m_second,Speed_MPH_z,Average
Botic Van De Zandschulp,0.00138104931884525,m_second,Speed_MPH_z,Average
Brandon Nakashima,0.00759243920477322,m_second,Speed_MPH_z,Average
Cameron Norrie,-0.00576448092313485,m_second,Speed_MPH_z,Average
Carlos Alcaraz,0.00269303278060966,m_second,Speed_MPH_z,Average
Casper Ruud,0.0056585588297387,m_second,Speed_MPH_z,Average
Christopher Eubanks,-0.00234330771179353,m_second,Speed_MPH_z,Average
Cristian Garin,-0.00876232738617628,m_second,Speed_MPH_z,Average
Daniel Evans,0.00908705351173544,m_second,Speed_MPH_z,Average
Daniil Medvedev,-0.016144899854909,m_second,Speed_MPH_z,Average
David Goffin,0.00272289846682069,m_second,Speed_MPH_z,Average
Denis Kudla,0.00613845144575565,m_second,Speed_MPH_z,Average
Denis Shapovalov,0.00409192637789342,m_second,Speed_MPH_z,Average
Diego Schwartzman,0.00495917022441317,m_second,Speed_MPH_z,Average
Dominic Stricker,-0.00239154204328463,m_second,Speed_MPH_z,Average
Dominic Thiem,0.0106967956719486,m_second,Speed_MPH_z,Average
Dominik Koepfer,-0.0112156739989439,m_second,Speed_MPH_z,Average
Dusan Lajovic,-0.0067570136949077,m_second,Speed_MPH_z,Average
Elias Ymer,-0.00190772709999167,m_second,Speed_MPH_z,Average
Emil Ruusuvuori,0.00259168629953528,m_second,Speed_MPH_z,Average
Fabian Marozsan,0.000179826843458292,m_second,Speed_MPH_z,Average
Fabio Fognini,-0.00896499886288952,m_second,Speed_MPH_z,Average
Facundo Diaz Acosta,0.00181153632838966,m_second,Speed_MPH_z,Average
Federico Delbonis,0.000980218086702575,m_second,Speed_MPH_z,Average
Feliciano Lopez,0.000461461518706612,m_second,Speed_MPH_z,Average
Frances Tiafoe,-0.000764293876686135,m_second,Speed_MPH_z,Average
Francisco Cerundolo,-0.002466184909792,m_second,Speed_MPH_z,Average
Gael Monfils,-0.00140733485734559,m_second,Speed_MPH_z,Average
Gijs Brouwer,0.00532817318283544,m_second,Speed_MPH_z,Average
Grigor Dimitrov,0.0172940384722864,m_second,Speed_MPH_z,Over-performer
Guido Pella,0.00279877170991347,m_second,Speed_MPH_z,Average
Holger Rune,0.0112043313013717,m_second,Speed_MPH_z,Average
Hubert Hurkacz,-0.00346149445375571,m_second,Speed_MPH_z,Average
Hugo Dellien,0.00280816198214365,m_second,Speed_MPH_z,Average
Ilya Ivashka,-0.0115438792218969,m_second,Speed_MPH_z,Average
Jack Draper,-0.00965931080621738,m_second,Speed_MPH_z,Average
Jack Sock,0.0031632954382899,m_second,Speed_MPH_z,Average
James Duckworth,-0.00630109577650214,m_second,Speed_MPH_z,Average
Jannik Sinner,0.0096074970268671,m_second,Speed_MPH_z,Average
Jason Kubler,-0.00678900889640838,m_second,Speed_MPH_z,Average
Jaume Munar,-0.00425626769406836,m_second,Speed_MPH_z,Average
Jenson Brooksby,0.00396958441207463,m_second,Speed_MPH_z,Average
Jiri Lehecka,-0.00631147424358513,m_second,Speed_MPH_z,Average
Jiri Vesely,-0.000144277270473706,m_second,Speed_MPH_z,Average
John Isner,-0.00817551630469674,m_second,Speed_MPH_z,Average
John Millman,-0.00472934426971733,m_second,Speed_MPH_z,Average
Jordan Thompson,-0.016060598155917,m_second,Speed_MPH_z,Average
Juncheng Shang,0.00744314254043524,m_second,Speed_MPH_z,Average
Karen Khachanov,-0.00105294721680013,m_second,Speed_MPH_z,Average
Kei Nishikori,0.00367410654902424,m_second,Speed_MPH_z,Average
Kevin Anderson,-0.00288784543062043,m_second,Speed_MPH_z,Average
Laslo Djere,0.0020439186147935,m_second,Speed_MPH_z,Average
Liam Broady,-0.00215082174106701,m_second,Speed_MPH_z,Average
Lloyd Harris,-0.00364872669168463,m_second,Speed_MPH_z,Average
Lorenzo Musetti,-0.000555496401282492,m_second,Speed_MPH_z,Average
Lorenzo Sonego,-0.00106360200338335,m_second,Speed_MPH_z,Average
Lucas Pouille,-0.00680389530781216,m_second,Speed_MPH_z,Average
Marco Cecchinato,0.000321704583417836,m_second,Speed_MPH_z,Average
Marcos Giron,-0.00647298335410748,m_second,Speed_MPH_z,Average
Marin Cilic,-0.00523391833958061,m_second,Speed_MPH_z,Average
Marton Fucsovics,-0.0106885995627937,m_second,Speed_MPH_z,Average
Matteo Berrettini,-0.0233372146721583,m_second,Speed_MPH_z,Under-performer
Mattia Bellucci,0.00680080874124943,m_second,Speed_MPH_z,Average
Max Purcell,0.000932021584676966,m_second,Speed_MPH_z,Average
Maxime Cressy,0.0108297158078421,m_second,Speed_MPH_z,Average
Maximilian Marterer,-0.00266145809696519,m_second,Speed_MPH_z,Average
Mikael Ymer,0.00468116014181703,m_second,Speed_MPH_z,Average
Miomir Kecmanovic,-0.0109462683667116,m_second,Speed_MPH_z,Average
Nick Kyrgios,-0.0186527180531277,m_second,Speed_MPH_z,Under-performer
Nicolas Jarry,-0.0129337723295571,m_second,Speed_MPH_z,Average
Nikoloz Basilashvili,0.0026615757217454,m_second,Speed_MPH_z,Average
Novak Djokovic,0.0204884030470476,m_second,Speed_MPH_z,Over-performer
Oscar Otte,-0.0123010934245338,m_second,Speed_MPH_z,Average
Pablo Andujar,0.00235842810369716,m_second,Speed_MPH_z,Average
Pedro Cachin,-0.000434277262950307,m_second,Speed_MPH_z,Average
Pedro Martinez,-0.00280416511333805,m_second,Speed_MPH_z,Average
Philipp Kohlschreiber,-0.0015254388957925,m_second,Speed_MPH_z,Average
Quentin Halys,0.00324123509897227,m_second,Speed_MPH_z,Average
Radu Albot,-0.000838274272803072,m_second,Speed_MPH_z,Average
Rafael Nadal,0.00110935944955498,m_second,Speed_MPH_z,Average
Ricardas Berankis,-0.00101085850235768,m_second,Speed_MPH_z,Average
Richard Gasquet,0.00161372175025452,m_second,Speed_MPH_z,Average
Roberto Bautista Agut,-0.00858516610518902,m_second,Speed_MPH_z,Average
Roberto Carballes Baena,0.00603090836273599,m_second,Speed_MPH_z,Average
Roger Federer,-0.00723993905495914,m_second,Speed_MPH_z,Average
Roman Safiullin,0.0124231545425848,m_second,Speed_MPH_z,Average
Salvatore Caruso,0.00127893691110362,m_second,Speed_MPH_z,Average
Sam Querrey,-0.0018002424663687,m_second,Speed_MPH_z,Average
Sebastian Korda,0.00105757455397168,m_second,Speed_MPH_z,Average
Stan Wawrinka,0.00436762992381823,m_second,Speed_MPH_z,Average
Stefan Kozlov,-0.00644711066705871,m_second,Speed_MPH_z,Average
Stefanos Tsitsipas,0.00870722678648365,m_second,Speed_MPH_z,Average
Steve Johnson,-0.0107912746430369,m_second,Speed_MPH_z,Average
Tallon Griekspoor,0.000508410429371897,m_second,Speed_MPH_z,Average
Taro Daniel,0.00488433470390387,m_second,Speed_MPH_z,Average
Taylor Fritz,0.0122787402492139,m_second,Speed_MPH_z,Average
Tennys Sandgren,-0.00433304586507268,m_second,Speed_MPH_z,Average
Thanasi Kokkinakis,-0.00400976694314593,m_second,Speed_MPH_z,Average
Thiago Seyboth Wild,0.00386938282807232,m_second,Speed_MPH_z,Average
Tim Van Rijthoven,-0.00948240524031258,m_second,Speed_MPH_z,Average
Tommy Paul,0.0156811031490992,m_second,Speed_MPH_z,Average
Ugo Humbert,0.0117065574807344,m_second,Speed_MPH_z,Average
Yannick Hanfmann,0.00876120906838293,m_second,Speed_MPH_z,Average
Yibing Wu,-0.00976343844753837,m_second,Speed_MPH_z,Average
Yoshihito Nishioka,0.0112550937126175,m_second,Speed_MPH_z,Average
Yosuke Watanuki,0.000955699396622419,m_second,Speed_MPH_z,Average
Adrian Mannarino,0.0126388302195507,m_second,speed_ratio_z,Average
Alejandro Davidovich Fokina,0.00743923317771652,m_second,speed_ratio_z,Average
Alejandro Tabilo,0.000628459887182281,m_second,speed_ratio_z,Average
Aleksandar Kovacevic,-0.00365564622923095,m_second,speed_ratio_z,Average
Aleksandar Vukic,-0.00126963289118137,m_second,speed_ratio_z,Average
Alex de Minaur,-0.00677294940612469,m_second,speed_ratio_z,Average
Alex De Minaur,0.0082508233810464,m_second,speed_ratio_z,Average
Alex Molcan,-0.00377107542262308,m_second,speed_ratio_z,Average
Alexander Bublik,0.00279969810176171,m_second,speed_ratio_z,Average
Alexander Zverev,0.0225302843411731,m_second,speed_ratio_z,Over-performer
Alexandre Muller,0.0125569745170947,m_second,speed_ratio_z,Average
Alexei Popyrin,-0.0036904306589319,m_second,speed_ratio_z,Average
Aljaz Bedene,0.00664047077313993,m_second,speed_ratio_z,Average
Andrey Rublev,-0.00962803762686027,m_second,speed_ratio_z,Average
Andy Murray,0.0209964991134675,m_second,speed_ratio_z,Over-performer
Arthur Fils,-0.00421827368994411,m_second,speed_ratio_z,Average
Arthur Rinderknech,-0.00310820387128789,m_second,speed_ratio_z,Average
Aslan Karatsev,0.00327249993385241,m_second,speed_ratio_z,Average
Ben Shelton,0.0016523644693507,m_second,speed_ratio_z,Average
Benoit Paire,-0.00327637277401963,m_second,speed_ratio_z,Average
Borna Coric,0.000756182794063645,m_second,speed_ratio_z,Average
Botic van De Zandschulp,-0.0072623189632047,m_second,speed_ratio_z,Average
Botic Van De Zandschulp,0.00240371927657618,m_second,speed_ratio_z,Average
Brandon Nakashima,0.00609937413829056,m_second,speed_ratio_z,Average
Cameron Norrie,-0.0101927199504778,m_second,speed_ratio_z,Average
Carlos Alcaraz,0.00362052222295173,m_second,speed_ratio_z,Average
Casper Ruud,0.00381084451341721,m_second,speed_ratio_z,Average
Christopher Eubanks,-0.00194585709981734,m_second,speed_ratio_z,Average
Cristian Garin,-0.00981843210863059,m_second,speed_ratio_z,Average
Daniel Evans,0.00569820365962123,m_second,speed_ratio_z,Average
Daniil Medvedev,-0.0134910117501341,m_second,speed_ratio_z,Average
David Goffin,-0.00246765739987548,m_second,speed_ratio_z,Average
Denis Kudla,0.00622644056711659,m_second,speed_ratio_z,Average
Denis Shapovalov,0.00380782920672506,m_second,speed_ratio_z,Average
Diego Schwartzman,-0.00121570147400293,m_second,speed_ratio_z,Average
Dominic Stricker,-0.0024092746446371,m_second,speed_ratio_z,Average
Dominic Thiem,0.0102435963799266,m_second,speed_ratio_z,Average
Dominik Koepfer,-0.0112416448289955,m_second,speed_ratio_z,Average
Dusan Lajovic,-0.00704541744171479,m_second,speed_ratio_z,Average
Elias Ymer,-0.00159617758685789,m_second,speed_ratio_z,Average
Emil Ruusuvuori,0.00352260768262963,m_second,speed_ratio_z,Average
Fabian Marozsan,4.40681527370054e-05,m_second,speed_ratio_z,Average
Fabio Fognini,-0.0100829815626877,m_second,speed_ratio_z,Average
Facundo Diaz Acosta,0.00115876220595981,m_second,speed_ratio_z,Average
Federico Delbonis,0.000382171074192442,m_second,speed_ratio_z,Average
Feliciano Lopez,0.000898798935173226,m_second,speed_ratio_z,Average
Frances Tiafoe,0.00462028767356617,m_second,speed_ratio_z,Average
Francisco Cerundolo,-0.00263843376703868,m_second,speed_ratio_z,Average
Gael Monfils,-0.00226144957707069,m_second,speed_ratio_z,Average
Gijs Brouwer,0.00442586976442679,m_second,speed_ratio_z,Average
Grigor Dimitrov,0.0195628257853334,m_second,speed_ratio_z,Over-performer
Guido Pella,0.00236840501431081,m_second,speed_ratio_z,Average
Holger Rune,0.010571812776434,m_second,speed_ratio_z,Average
Hubert Hurkacz,0.000738208238005371,m_second,speed_ratio_z,Average
Hugo Dellien,0.00247117981981212,m_second,speed_ratio_z,Average
Ilya Ivashka,-0.0111191778988688,m_second,speed_ratio_z,Average
Jack Draper,-0.00828545487976375,m_second,speed_ratio_z,Average
Jack Sock,0.00269437267581591,m_second,speed_ratio_z,Average
James Duckworth,-0.00457727230570751,m_second,speed_ratio_z,Average
Jannik Sinner,0.0119481712769206,m_second,speed_ratio_z,Average
Jason Kubler,-0.00648883783823363,m_second,speed_ratio_z,Average
Jaume Munar,-0.00356917007394219,m_second,speed_ratio_z,Average
Jenson Brooksby,0.00237484515441059,m_second,speed_ratio_z,Average
Jiri Lehecka,-0.00612703614997077,m_second,speed_ratio_z,Average
Jiri Vesely,0.00023654276620378,m_second,speed_ratio_z,Average
John Isner,-0.00607872617313886,m_second,speed_ratio_z,Average
John Millman,-0.00431062182424371,m_second,speed_ratio_z,Average
Jordan Thompson,-0.0146440174661369,m_second,speed_ratio_z,Average
Juncheng Shang,0.00716487966460194,m_second,speed_ratio_z,Average
Karen Khachanov,-0.00116209989069761,m_second,speed_ratio_z,Average
Kei Nishikori,0.00248711470283386,m_second,speed_ratio_z,Average
Kevin Anderson,-0.00229756630757354,m_second,speed_ratio_z,Average
Laslo Djere,0.00132484320768461,m_second,speed_ratio_z,Average
Liam Broady,-0.00293637570099644,m_second,speed_ratio_z,Average
Lloyd Harris,-0.00349850201936931,m_second,speed_ratio_z,Average
Lorenzo Musetti,-0.00108621750441418,m_second,speed_ratio_z,Average
Lorenzo Sonego,4.33371345083085e-05,m_second,speed_ratio_z,Average
Lucas Pouille,-0.00649632960443781,m_second,speed_ratio_z,Average
Marco Cecchinato,8.68446318215547e-05,m_second,speed_ratio_z,Average
Marcos Giron,-0.00632824900208377,m_second,speed_ratio_z,Average
Marin Cilic,-0.00405890229190263,m_second,speed_ratio_z,Average
Marton Fucsovics,-0.0107714735622519,m_second,speed_ratio_z,Average
Matteo Berrettini,-0.0150081536157571,m_second,speed_ratio_z,Average
Mattia Bellucci,0.00532073846891467,m_second,speed_ratio_z,Average
Max Purcell,0.000787746393027726,m_second,speed_ratio_z,Average
Maxime Cressy,0.0106188842743803,m_second,speed_ratio_z,Average
Maximilian Marterer,-0.00233104966130705,m_second,speed_ratio_z,Average
Mikael Ymer,0.00340880138169077,m_second,speed_ratio_z,Average
Miomir Kecmanovic,-0.0105150640202112,m_second,speed_ratio_z,Average
Nick Kyrgios,-0.0163584632147837,m_second,speed_ratio_z,Under-performer
Nicolas Jarry,-0.0112290792667649,m_second,speed_ratio_z,Average
Nikoloz Basilashvili,0.00183413769896976,m_second,speed_ratio_z,Average
Novak Djokovic,0.0192775648890068,m_second,speed_ratio_z,Over-performer
Oscar Otte,-0.0116530325497285,m_second,speed_ratio_z,Average
Pablo Andujar,0.00174959327119271,m_second,speed_ratio_z,Average
Pedro Cachin,-0.000186812467094796,m_second,speed_ratio_z,Average
Pedro Martinez,-0.0045664044108483,m_second,speed_ratio_z,Average
Philipp Kohlschreiber,-0.00274372894932398,m_second,speed_ratio_z,Average
Quentin Halys,0.00348333546470689,m_second,speed_ratio_z,Average
Radu Albot,-0.00200355008132277,m_second,speed_ratio_z,Average
Rafael Nadal,-0.00204442508035991,m_second,speed_ratio_z,Average
Ricardas Berankis,-0.00163786574003849,m_second,speed_ratio_z,Average
Richard Gasquet,-0.000148864777468292,m_second,speed_ratio_z,Average
Roberto Bautista Agut,-0.0115161207174511,m_second,speed_ratio_z,Average
Roberto Carballes Baena,0.00572808744177819,m_second,speed_ratio_z,Average
Roger Federer,-0.00855885183176831,m_second,speed_ratio_z,Average
Roman Safiullin,0.0121815362411252,m_second,speed_ratio_z,Average
Salvatore Caruso,0.00112940700389879,m_second,speed_ratio_z,Average
Sam Querrey,-0.00127673806698231,m_second,speed_ratio_z,Average
Sebastian Korda,1.88986853309722e-06,m_second,speed_ratio_z,Average
Stan Wawrinka,0.00596248074077024,m_second,speed_ratio_z,Average
Stefan Kozlov,-0.0066298392664137,m_second,speed_ratio_z,Average
Stefanos Tsitsipas,0.0110476921455132,m_second,speed_ratio_z,Average
Steve Johnson,-0.00989064194317993,m_second,speed_ratio_z,Average
Tallon Griekspoor,0.000566461777822188,m_second,speed_ratio_z,Average
Taro Daniel,0.0044727489708361,m_second,speed_ratio_z,Average
Taylor Fritz,0.0165346677446036,m_second,speed_ratio_z,Over-performer
Tennys Sandgren,-0.00429326001777142,m_second,speed_ratio_z,Average
Thanasi Kokkinakis,-0.00303460439556433,m_second,speed_ratio_z,Average
Thiago Seyboth Wild,0.00293921963775417,m_second,speed_ratio_z,Average
Tim Van Rijthoven,-0.00759385519361041,m_second,speed_ratio_z,Average
Tommy Paul,0.011637988337585,m_second,speed_ratio_z,Average
Ugo Humbert,0.0101886533856232,m_second,speed_ratio_z,Average
Yannick Hanfmann,0.00777382239092545,m_second,speed_ratio_z,Average
Yibing Wu,-0.00861744951496503,m_second,speed_ratio_z,Average
Yoshihito Nishioka,0.00882668743623728,m_second,speed_ratio_z,Average
Yosuke Watanuki,0.00159709186573097,m_second,speed_ratio_z,Average
Ajla Tomljanovic,-0.0222978038974618,f_first,Speed_MPH_z,Average
Aliaksandra Sasnovich,-0.00948821164684393,f_first,Speed_MPH_z,Average
Alison Van Uytvanck,-0.0159355759656559,f_first,Speed_MPH_z,Average
Alize Cornet,-0.00860606152642807,f_first,Speed_MPH_z,Average
Amanda Anisimova,-0.0207869311769114,f_first,Speed_MPH_z,Average
Anastasia Pavlyuchenkova,-0.0231809460469714,f_first,Speed_MPH_z,Average
Anastasia Potapova,-0.0120814033548947,f_first,Speed_MPH_z,Average
Anastasija Sevastova,0.0275532586559385,f_first,Speed_MPH_z,Average
Andrea Petkovic,0.00743483366792665,f_first,Speed_MPH_z,Average
Anett Kontaveit,-0.00215951196462181,f_first,Speed_MPH_z,Average
Angelique Kerber,0.022115044532067,f_first,Speed_MPH_z,Average
Anhelina Kalinina,0.00758825916331616,f_first,Speed_MPH_z,Average
Anna Blinkova,-0.0164205101189095,f_first,Speed_MPH_z,Average
Anna Kalinskaya,0.00223703012831968,f_first,Speed_MPH_z,Average
Arantxa Rus,0.0122702691617037,f_first,Speed_MPH_z,Average
Aryna Sabalenka,-0.0343748928541176,f_first,Speed_MPH_z,Average
Ashleigh Barty,-0.00530067332298229,f_first,Speed_MPH_z,Average
Ashlyn Krueger,-0.0259046206249823,f_first,Speed_MPH_z,Average
Barbora Krejcikova,0.018317577989919,f_first,Speed_MPH_z,Average
Beatriz Haddad Maia,0.0364193707130473,f_first,Speed_MPH_z,Average
Belinda Bencic,0.0329988548798418,f_first,Speed_MPH_z,Average
Bernarda Pera,-0.01751669027617,f_first,Speed_MPH_z,Average
Bianca Andreescu,0.0448575380445533,f_first,Speed_MPH_z,Over-performer
Brenda Fruhvirtova,-0.0110167052176432,f_first,Speed_MPH_z,Average
Camila Giorgi,-0.00633912290906452,f_first,Speed_MPH_z,Average
Caroline Dolehide,-0.0495794194649983,f_first,Speed_MPH_z,Under-performer
Caroline Garcia,0.0155180210534057,f_first,Speed_MPH_z,Average
Caroline Wozniacki,-0.00984001291268562,f_first,Speed_MPH_z,Average
Caty McNally,-0.0159034955078411,f_first,Speed_MPH_z,Average
Clara Burel,0.00505750551715723,f_first,Speed_MPH_z,Average
Clara Tauson,0.0111857898160326,f_first,Speed_MPH_z,Average
Coco Gauff,-0.00626088471409925,f_first,Speed_MPH_z,Average
Cristina Bucsa,-0.00177701208462394,f_first,Speed_MPH_z,Average
Dalma Galfi,-0.0337989406511166,f_first,Speed_MPH_z,Average
Danielle Collins,0.00359626512249173,f_first,Speed_MPH_z,Average
Daria Kasatkina,0.0126977994935465,f_first,Speed_MPH_z,Average
Daria Saville,-0.000188766137568654,f_first,Speed_MPH_z,Average
Dayana Yastremska,-0.00559972647516369,f_first,Speed_MPH_z,Average
Diana Shnaider,2.41708284059412e-05,f_first,Speed_MPH_z,Average
Diane Parry,-0.0308047971482751,f_first,Speed_MPH_z,Average
Donna Vekic,0.0284694682070531,f_first,Speed_MPH_z,Average
Ekaterina Alexandrova,0.00419816112583666,f_first,Speed_MPH_z,Average
Elena Rybakina,0.0272569449530091,f_first,Speed_MPH_z,Average
Elina Avanesyan,-0.0135595468557977,f_first,Speed_MPH_z,Average
Elina Svitolina,0.0265868822954016,f_first,Speed_MPH_z,Average
Elisabetta Cocciaretto,-0.014604518018342,f_first,Speed_MPH_z,Average
Elise Mertens,-0.000126277699073838,f_first,Speed_MPH_z,Average
Emma Navarro,-0.00212233440478176,f_first,Speed_MPH_z,Average
Emma Raducanu,-0.00140175603640678,f_first,Speed_MPH_z,Average
Fiona Ferro,-0.00347156904660537,f_first,Speed_MPH_z,Average
Garbine Muguruza,0.00120880078026569,f_first,Speed_MPH_z,Average
Greet Minnen,0.00900295151745206,f_first,Speed_MPH_z,Average
Harmony Tan,0.00968525465658466,f_first,Speed_MPH_z,Average
Harriet Dart,0.0225966270406283,f_first,Speed_MPH_z,Average
Heather Watson,0.0112375454957989,f_first,Speed_MPH_z,Average
Iga Swiatek,0.0349433728317706,f_first,Speed_MPH_z,Average
Jaqueline Cristian,0.0015958957309607,f_first,Speed_MPH_z,Average
Jasmine Paolini,-0.012003607881846,f_first,Speed_MPH_z,Average
Jelena Ostapenko,-0.0269262442575982,f_first,Speed_MPH_z,Average
Jessica Bouzas Maneiro,0.0141597195329438,f_first,Speed_MPH_z,Average
Jessica Pegula,-0.0282938931253264,f_first,Speed_MPH_z,Average
Jodie Burrage,-0.0325662099132762,f_first,Speed_MPH_z,Average
Jule Niemeier,-0.0193043489897421,f_first,Speed_MPH_z,Average
Kaia Kanepi,0.0140140873488765,f_first,Speed_MPH_z,Average
Kaja Juvan,0.0079935589931789,f_first,Speed_MPH_z,Average
Karolina Muchova,-0.010022897457643,f_first,Speed_MPH_z,Average
Katerina Siniakova,0.0202340964856788,f_first,Speed_MPH_z,Average
Kateryna Kozlova,-0.0147161156562125,f_first,Speed_MPH_z,Average
Katie Boulter,-0.0335339044814155,f_first,Speed_MPH_z,Average
Katie Volynets,-0.0210083943552894,f_first,Speed_MPH_z,Average
Laura Siegemund,0.0152031012114198,f_first,Speed_MPH_z,Average
Lauren Davis,0.0425557460836267,f_first,Speed_MPH_z,Over-performer
Lesia Tsurenko,-0.00557492334053911,f_first,Speed_MPH_z,Average
Lin Zhu,-0.0114975362884285,f_first,Speed_MPH_z,Average
Linda Noskova,0.00578601152003387,f_first,Speed_MPH_z,Average
Liudmila Samsonova,-0.00341632573659793,f_first,Speed_MPH_z,Average
Lulu Sun,0.0201214039193073,f_first,Speed_MPH_z,Average
Madison Brengle,0.0141693824690729,f_first,Speed_MPH_z,Average
Madison Keys,-0.00108724591862622,f_first,Speed_MPH_z,Average
Magda Linette,0.000495750252325612,f_first,Speed_MPH_z,Average
Magdalena Frech,-0.0110720497681194,f_first,Speed_MPH_z,Average
Maria Sakkari,0.0119120320252944,f_first,Speed_MPH_z,Average
Marie Bouzkova,0.0125117902981026,f_first,Speed_MPH_z,Average
Marketa Vondrousova,-0.0523747615315718,f_first,Speed_MPH_z,Under-performer
Marta Kostyuk,-0.00329174713700651,f_first,Speed_MPH_z,Average
Martina Trevisan,-0.00091556556783607,f_first,Speed_MPH_z,Average
McCartney Kessler,-0.00691679661501561,f_first,Speed_MPH_z,Average
Mirra Andreeva,0.0188752895746057,f_first,Speed_MPH_z,Average
Naomi Osaka,-0.000963868773158027,f_first,Speed_MPH_z,Average
Nina Stojanovic,-0.0102531635585093,f_first,Speed_MPH_z,Average
Ons Jabeur,0.0358311678797587,f_first,Speed_MPH_z,Average
Paula Badosa,-0.0302072710973086,f_first,Speed_MPH_z,Average
Petra Kvitova,-0.00918815930223463,f_first,Speed_MPH_z,Average
Petra Martic,0.0278790642834071,f_first,Speed_MPH_z,Average
Qiang Wang,0.0138915717085071,f_first,Speed_MPH_z,Average
Qinwen Zheng,0.0263798655601075,f_first,Speed_MPH_z,Average
Renata Zarazua,0.0197252872770449,f_first,Speed_MPH_z,Average
Robin Montgomery,-0.00819181476940919,f_first,Speed_MPH_z,Average
Sara Sorribes Tormo,-0.0048135155484811,f_first,Speed_MPH_z,Average
Shelby Rogers,-0.00600425312311387,f_first,Speed_MPH_z,Average
Shuai Zhang,-0.00335781653723252,f_first,Speed_MPH_z,Average
Simona Halep,-0.00402165172937252,f_first,Speed_MPH_z,Average
Sloane Stephens,0.0233210997652387,f_first,Speed_MPH_z,Average
Sofia Kenin,-0.00703098599318973,f_first,Speed_MPH_z,Average
Sorana Cirstea,-0.0093299066245868,f_first,Speed_MPH_z,Average
Tatjana Maria,-0.019351919348781,f_first,Speed_MPH_z,Average
Varvara Gracheva,-0.0043997818322878,f_first,Speed_MPH_z,Average
Venus Williams,0.0035734124755665,f_first,Speed_MPH_z,Average
Vera Zvonareva,-0.00925824138096446,f_first,Speed_MPH_z,Average
Veronika Kudermetova,0.0210177277512704,f_first,Speed_MPH_z,Average
Victoria Azarenka,-0.0152409509347453,f_first,Speed_MPH_z,Average
Viktorija Golubic,0.0311323795362107,f_first,Speed_MPH_z,Average
Viktoriya Tomova,-0.00298506669885826,f_first,Speed_MPH_z,Average
Yafan Wang,-0.00656347378891936,f_first,Speed_MPH_z,Average
Yulia Putintseva,0.0236574757584329,f_first,Speed_MPH_z,Average
Ajla Tomljanovic,-0.0371006387940624,f_first,speed_ratio_z,Average
Aliaksandra Sasnovich,-0.038579078660681,f_first,speed_ratio_z,Average
Alison Van Uytvanck,-0.0187318789727264,f_first,speed_ratio_z,Average
Alize Cornet,-0.033901083860117,f_first,speed_ratio_z,Average
Amanda Anisimova,-0.0471790021136282,f_first,speed_ratio_z,Average
Anastasia Pavlyuchenkova,-0.0658231734616775,f_first,speed_ratio_z,Average
Anastasia Potapova,-0.0330769312015309,f_first,speed_ratio_z,Average
Anastasija Sevastova,0.0674458424169008,f_first,speed_ratio_z,Average
Andrea Petkovic,0.0145965345633137,f_first,speed_ratio_z,Average
Anett Kontaveit,-0.0140414170759822,f_first,speed_ratio_z,Average
Angelique Kerber,-0.0281006079059212,f_first,speed_ratio_z,Average
Anhelina Kalinina,0.0107360860697585,f_first,speed_ratio_z,Average
Anna Blinkova,-0.0457030420377345,f_first,speed_ratio_z,Average
Anna Kalinskaya,0.000254174020299443,f_first,speed_ratio_z,Average
Arantxa Rus,0.0318103220548876,f_first,speed_ratio_z,Average
Aryna Sabalenka,0.00990367546769441,f_first,speed_ratio_z,Average
Ashleigh Barty,0.00319238045091668,f_first,speed_ratio_z,Average
Ashlyn Krueger,-0.0617768571518728,f_first,speed_ratio_z,Average
Barbora Krejcikova,0.0364802603617421,f_first,speed_ratio_z,Average
Beatriz Haddad Maia,0.0987924923381348,f_first,speed_ratio_z,Average
Belinda Bencic,0.0647309637331112,f_first,speed_ratio_z,Average
Bernarda Pera,-0.053319256595081,f_first,speed_ratio_z,Average
Bianca Andreescu,0.0992413541828379,f_first,speed_ratio_z,Over-performer
Brenda Fruhvirtova,-0.048230397081626,f_first,speed_ratio_z,Average
Camila Giorgi,0.00404205673840261,f_first,speed_ratio_z,Average
Caroline Dolehide,-0.107481370061955,f_first,speed_ratio_z,Under-performer
Caroline Garcia,0.0724935238632743,f_first,speed_ratio_z,Average
Caroline Wozniacki,-0.0319616433669639,f_first,speed_ratio_z,Average
Caty McNally,-0.0536240343717068,f_first,speed_ratio_z,Average
Clara Burel,0.0147413490200899,f_first,speed_ratio_z,Average
Clara Tauson,0.0315062970764791,f_first,speed_ratio_z,Average
Coco Gauff,0.0578725876796864,f_first,speed_ratio_z,Average
Cristina Bucsa,-0.00690612584120159,f_first,speed_ratio_z,Average
Dalma Galfi,-0.0784774383347142,f_first,speed_ratio_z,Average
Danielle Collins,0.0133602726314665,f_first,speed_ratio_z,Average
Daria Kasatkina,-0.0563058193340064,f_first,speed_ratio_z,Average
Daria Saville,-0.00440775204828832,f_first,speed_ratio_z,Average
Dayana Yastremska,-0.00136758285459058,f_first,speed_ratio_z,Average
Diana Shnaider,-0.00969457630606051,f_first,speed_ratio_z,Average
Diane Parry,-0.0828873639538849,f_first,speed_ratio_z,Average
Donna Vekic,0.112474685760612,f_first,speed_ratio_z,Over-performer
Ekaterina Alexandrova,0.0310917913685869,f_first,speed_ratio_z,Average
Elena Rybakina,0.170060760345986,f_first,speed_ratio_z,Over-performer
Elina Avanesyan,-0.0506286944560365,f_first,speed_ratio_z,Average
Elina Svitolina,0.0663408437328871,f_first,speed_ratio_z,Average
Elisabetta Cocciaretto,-0.0419319283896395,f_first,speed_ratio_z,Average
Elise Mertens,0.0319723578558422,f_first,speed_ratio_z,Average
Emma Navarro,-0.0182167997136068,f_first,speed_ratio_z,Average
Emma Raducanu,-0.00805383540900068,f_first,speed_ratio_z,Average
Fiona Ferro,-0.013044686098813,f_first,speed_ratio_z,Average
Garbine Muguruza,0.00816838272557614,f_first,speed_ratio_z,Average
Greet Minnen,0.0313989030766832,f_first,speed_ratio_z,Average
Harmony Tan,0.0317001650511222,f_first,speed_ratio_z,Average
Harriet Dart,0.00716009734626892,f_first,speed_ratio_z,Average
Heather Watson,0.0133537700276301,f_first,speed_ratio_z,Average
Iga Swiatek,0.0983561729468749,f_first,speed_ratio_z,Average
Jaqueline Cristian,0.0071262083008034,f_first,speed_ratio_z,Average
Jasmine Paolini,-0.0405185965119395,f_first,speed_ratio_z,Average
Jelena Ostapenko,-0.0690059702662941,f_first,speed_ratio_z,Average
Jessica Bouzas Maneiro,0.034450569176103,f_first,speed_ratio_z,Average
Jessica Pegula,-0.0472112852418172,f_first,speed_ratio_z,Average
Jodie Burrage,-0.0805441364193604,f_first,speed_ratio_z,Average
Jule Niemeier,-0.0381402346623334,f_first,speed_ratio_z,Average
Kaia Kanepi,0.0409648402184208,f_first,speed_ratio_z,Average
Kaja Juvan,0.0174924279229836,f_first,speed_ratio_z,Average
Karolina Muchova,-0.00595386539268947,f_first,speed_ratio_z,Average
Katerina Siniakova,0.0540488383103049,f_first,speed_ratio_z,Average
Kateryna Kozlova,-0.0420773594465337,f_first,speed_ratio_z,Average
Katie Boulter,-0.028809905595314,f_first,speed_ratio_z,Average
Katie Volynets,-0.0663962502099322,f_first,speed_ratio_z,Average
Laura Siegemund,0.0142421537825395,f_first,speed_ratio_z,Average
Lauren Davis,0.0891784662770066,f_first,speed_ratio_z,Average
Lesia Tsurenko,-0.0883664570066739,f_first,speed_ratio_z,Average
Lin Zhu,-0.0274592342943712,f_first,speed_ratio_z,Average
Linda Noskova,0.0208755700819518,f_first,speed_ratio_z,Average
Liudmila Samsonova,0.0194679523391069,f_first,speed_ratio_z,Average
Lulu Sun,0.0667008200486992,f_first,speed_ratio_z,Average
Madison Brengle,-0.0490488519049116,f_first,speed_ratio_z,Average
Madison Keys,0.0303748283736222,f_first,speed_ratio_z,Average
Magda Linette,-0.00601013849611917,f_first,speed_ratio_z,Average
Magdalena Frech,-0.0216304022029841,f_first,speed_ratio_z,Average
Maria Sakkari,0.0648829343013432,f_first,speed_ratio_z,Average
Marie Bouzkova,-0.0331235238695979,f_first,speed_ratio_z,Average
Marketa Vondrousova,-0.106903264380299,f_first,speed_ratio_z,Under-performer
Marta Kostyuk,-0.0109232903769604,f_first,speed_ratio_z,Average
Martina Trevisan,-0.0104607393669045,f_first,speed_ratio_z,Average
McCartney Kessler,-0.0205739822238796,f_first,speed_ratio_z,Average
Mirra Andreeva,0.0645276198002121,f_first,speed_ratio_z,Average
Naomi Osaka,0.0231139942416917,f_first,speed_ratio_z,Average
Nina Stojanovic,-0.0198396711560273,f_first,speed_ratio_z,Average
Ons Jabeur,0.0541599698501265,f_first,speed_ratio_z,Average
Paula Badosa,-0.038703601882024,f_first,speed_ratio_z,Average
Petra Kvitova,-0.0309989029115372,f_first,speed_ratio_z,Average
Petra Martic,0.0893200164212088,f_first,speed_ratio_z,Average
Qiang Wang,0.0398022364600333,f_first,speed_ratio_z,Average
Qinwen Zheng,0.089086005447759,f_first,speed_ratio_z,Average
Renata Zarazua,0.0367182900986636,f_first,speed_ratio_z,Average
Robin Montgomery,-0.0218155640058714,f_first,speed_ratio_z,Average
Sara Sorribes Tormo,-0.0503516111931743,f_first,speed_ratio_z,Average
Shelby Rogers,-0.00957773767761528,f_first,speed_ratio_z,Average
Shuai Zhang,-0.0157476063326927,f_first,speed_ratio_z,Average
Simona Halep,-0.0114919069247171,f_first,speed_ratio_z,Average
Sloane Stephens,0.0557729645986195,f_first,speed_ratio_z,Average
Sofia Kenin,-0.0607820484599916,f_first,speed_ratio_z,Average
Sorana Cirstea,-0.00805592539298522,f_first,speed_ratio_z,Average
Tatjana Maria,0.0121710979232151,f_first,speed_ratio_z,Average
Varvara Gracheva,0.000357457471785079,f_first,speed_ratio_z,Average
Venus Williams,0.0138413078820613,f_first,speed_ratio_z,Average
Vera Zvonareva,-0.0278847337439428,f_first,speed_ratio_z,Average
Veronika Kudermetova,0.0599778256288311,f_first,speed_ratio_z,Average
Victoria Azarenka,-0.0294955394819879,f_first,speed_ratio_z,Average
Viktorija Golubic,0.000784853804129616,f_first,speed_ratio_z,Average
Viktoriya Tomova,-0.0268147173052982,f_first,speed_ratio_z,Average
Yafan Wang,-0.0195312015311539,f_first,speed_ratio_z,Average
Yulia Putintseva,-0.00464274111982197,f_first,speed_ratio_z,Average
Ajla Tomljanovic,-0.0417599043769856,f_second,Speed_MPH_z,Average
Aliaksandra Sasnovich,-0.0185799896567095,f_second,Speed_MPH_z,Average
Alison Van Uytvanck,-0.017241323405058,f_second,Speed_MPH_z,Average
Alize Cornet,0.0419173616140532,f_second,Speed_MPH_z,Average
Amanda Anisimova,-0.00204235482558079,f_second,Speed_MPH_z,Average
Anastasia Pavlyuchenkova,-0.0175348702316818,f_second,Speed_MPH_z,Average
Anastasia Potapova,-0.00686017096261865,f_second,Speed_MPH_z,Average
Anastasija Sevastova,-0.00729989017775547,f_second,Speed_MPH_z,Average
Andrea Petkovic,0.00104860872953381,f_second,Speed_MPH_z,Average
Anett Kontaveit,0.0175180425329393,f_second,Speed_MPH_z,Average
Angelique Kerber,0.0470678329122865,f_second,Speed_MPH_z,Average
Anhelina Kalinina,0.000746931097547146,f_second,Speed_MPH_z,Average
Anna Blinkova,-0.00437670251440342,f_second,Speed_MPH_z,Average
Anna Kalinskaya,0.00747097270040748,f_second,Speed_MPH_z,Average
Arantxa Rus,-0.00560946614262095,f_second,Speed_MPH_z,Average
Aryna Sabalenka,-0.0360369920226956,f_second,Speed_MPH_z,Average
Ashleigh Barty,-0.041619677529202,f_second,Speed_MPH_z,Average
Ashlyn Krueger,-0.00313661799849462,f_second,Speed_MPH_z,Average
Barbora Krejcikova,0.0954596824644034,f_second,Speed_MPH_z,Over-performer
Beatriz Haddad Maia,0.00592867494600252,f_second,Speed_MPH_z,Average
Belinda Bencic,0.0311515272202437,f_second,Speed_MPH_z,Average
Bernarda Pera,-0.00939101705737232,f_second,Speed_MPH_z,Average
Bianca Andreescu,0.00771388561145536,f_second,Speed_MPH_z,Average
Brenda Fruhvirtova,-0.0253876901847741,f_second,Speed_MPH_z,Average
Camila Giorgi,0.00576460787996444,f_second,Speed_MPH_z,Average
Caroline Dolehide,-0.00266463100079697,f_second,Speed_MPH_z,Average
Caroline Garcia,-0.00445407075344332,f_second,Speed_MPH_z,Average
Caroline Wozniacki,-0.0125489041101475,f_second,Speed_MPH_z,Average
Caty McNally,0.000275802162603274,f_second,Speed_MPH_z,Average
Clara Burel,-0.00472043239532711,f_second,Speed_MPH_z,Average
Clara Tauson,-0.0249620429097682,f_second,Speed_MPH_z,Average
Coco Gauff,0.0359262064523787,f_second,Speed_MPH_z,Average
Cristina Bucsa,0.00194566090284671,f_second,Speed_MPH_z,Average
Dalma Galfi,-0.0297255211622899,f_second,Speed_MPH_z,Average
Danielle Collins,0.00733683252162423,f_second,Speed_MPH_z,Average
Daria Kasatkina,0.0248554899103695,f_second,Speed_MPH_z,Average
Daria Saville,-0.00971160772048028,f_second,Speed_MPH_z,Average
Dayana Yastremska,0.0401034719798962,f_second,Speed_MPH_z,Average
Diana Shnaider,0.00520623008574836,f_second,Speed_MPH_z,Average
Diane Parry,0.0114158428648098,f_second,Speed_MPH_z,Average
Donna Vekic,0.00611412022829982,f_second,Speed_MPH_z,Average
Ekaterina Alexandrova,0.0187386655840509,f_second,Speed_MPH_z,Average
Elena Rybakina,-0.0547834473646155,f_second,Speed_MPH_z,Average
Elina Avanesyan,0.00165843233396304,f_second,Speed_MPH_z,Average
Elina Svitolina,-0.041509806209314,f_second,Speed_MPH_z,Average
Elisabetta Cocciaretto,-0.0286460380146867,f_second,Speed_MPH_z,Average
Elise Mertens,0.0196218595322914,f_second,Speed_MPH_z,Average
Emma Navarro,-0.0321443732554096,f_second,Speed_MPH_z,Average
Emma Raducanu,0.0319241788237455,f_second,Speed_MPH_z,Average
Fiona Ferro,-0.0694623252712463,f_second,Speed_MPH_z,Under-performer
Garbine Muguruza,-0.0371782179193501,f_second,Speed_MPH_z,Average
Greet Minnen,-0.0182692128448251,f_second,Speed_MPH_z,Average
Harmony Tan,-0.00516082727837074,f_second,Speed_MPH_z,Average
Harriet Dart,0.000281586569028694,f_second,Speed_MPH_z,Average
Heather Watson,-0.0112420093654094,f_second,Speed_MPH_z,Average
Iga Swiatek,-0.016226963435143,f_second,Speed_MPH_z,Average
Jaqueline Cristian,-0.0145107860929352,f_second,Speed_MPH_z,Average
Jasmine Paolini,-0.00392690850848494,f_second,Speed_MPH_z,Average
Jelena Ostapenko,0.0278051719988288,f_second,Speed_MPH_z,Average
Jessica Bouzas Maneiro,-0.000907176987792728,f_second,Speed_MPH_z,Average
Jessica Pegula,0.0729569104845646,f_second,Speed_MPH_z,Over-performer
Jodie Burrage,0.000706616964102068,f_second,Speed_MPH_z,Average
Jule Niemeier,0.00335855077916969,f_second,Speed_MPH_z,Average
Kaia Kanepi,0.00100864751841139,f_second,Speed_MPH_z,Average
Kaja Juvan,-0.0140542288279024,f_second,Speed_MPH_z,Average
Karolina Muchova,-0.0558167983698461,f_second,Speed_MPH_z,Average
Katerina Siniakova,-0.00666181539504961,f_second,Speed_MPH_z,Average
Kateryna Kozlova,-0.0268912166412188,f_second,Speed_MPH_z,Average
Katie Boulter,-0.00810953863816868,f_second,Speed_MPH_z,Average
Katie Volynets,0.0311644259460076,f_second,Speed_MPH_z,Average
Laura Siegemund,0.0432269223586539,f_second,Speed_MPH_z,Average
Lauren Davis,0.0140233129729897,f_second,Speed_MPH_z,Average
Lesia Tsurenko,0.0537131739710709,f_second,Speed_MPH_z,Average
Lin Zhu,0.0249825420151166,f_second,Speed_MPH_z,Average
Linda Noskova,-0.00949715222633591,f_second,Speed_MPH_z,Average
Liudmila Samsonova,-0.0351347617358981,f_second,Speed_MPH_z,Average
Lulu Sun,0.00279577327399281,f_second,Speed_MPH_z,Average
Madison Brengle,0.00477297440443208,f_second,Speed_MPH_z,Average
Madison Keys,-0.027599713142673,f_second,Speed_MPH_z,Average
Magda Linette,0.0143339122390923,f_second,Speed_MPH_z,Average
Magdalena Frech,-0.00951715062607873,f_second,Speed_MPH_z,Average
Maria Sakkari,0.0186221175758348,f_second,Speed_MPH_z,Average
Marie Bouzkova,0.0503285930420929,f_second,Speed_MPH_z,Average
Marketa Vondrousova,-0.028059604823508,f_second,Speed_MPH_z,Average
Marta Kostyuk,-0.0283544122185472,f_second,Speed_MPH_z,Average
Martina Trevisan,0.0332843653645435,f_second,Speed_MPH_z,Average
McCartney Kessler,-0.0321339791520474,f_second,Speed_MPH_z,Average
Mirra Andreeva,-0.0367179113658965,f_second,Speed_MPH_z,Average
Naomi Osaka,-0.0155928933901012,f_second,Speed_MPH_z,Average
Nina Stojanovic,0.0320687564118114,f_second,Speed_MPH_z,Average
Ons Jabeur,0.0205275124960793,f_second,Speed_MPH_z,Average
Paula Badosa,0.0280954225107585,f_second,Speed_MPH_z,Average
Petra Kvitova,-0.00427156681566061,f_second,Speed_MPH_z,Average
Petra Martic,-0.0299859365810938,f_second,Speed_MPH_z,Average
Qiang Wang,-0.0478785045746224,f_second,Speed_MPH_z,Average
Qinwen Zheng,0.0253042654232946,f_second,Speed_MPH_z,Average
Renata Zarazua,0.0324799346123215,f_second,Speed_MPH_z,Average
Robin Montgomery,0.00335633269533376,f_second,Speed_MPH_z,Average
Sara Sorribes Tormo,0.0194274317368737,f_second,Speed_MPH_z,Average
Shelby Rogers,0.0016239964967865,f_second,Speed_MPH_z,Average
Shuai Zhang,0.0252987316356979,f_second,Speed_MPH_z,Average
Simona Halep,0.0750559843616216,f_second,Speed_MPH_z,Over-performer
Sloane Stephens,-0.0346493408599653,f_second,Speed_MPH_z,Average
Sofia Kenin,0.00316682423196995,f_second,Speed_MPH_z,Average
Sorana Cirstea,-0.0968636494651832,f_second,Speed_MPH_z,Under-performer
Tatjana Maria,0.00197958390206024,f_second,Speed_MPH_z,Average
Varvara Gracheva,0.036876499846854,f_second,Speed_MPH_z,Average
Venus Williams,-0.00293654943763383,f_second,Speed_MPH_z,Average
Vera Zvonareva,-0.0115579523969876,f_second,Speed_MPH_z,Average
Veronika Kudermetova,-0.0038233054853908,f_second,Speed_MPH_z,Average
Victoria Azarenka,0.0399491109903499,f_second,Speed_MPH_z,Average
Viktorija Golubic,0.0377678047354046,f_second,Speed_MPH_z,Average
Viktoriya Tomova,0.00891380424394003,f_second,Speed_MPH_z,Average
Yafan Wang,-0.016086498955981,f_second,Speed_MPH_z,Average
Yulia Putintseva,-0.0164379939691382,f_second,Speed_MPH_z,Average
Ajla Tomljanovic,-0.01290789768237,f_second,speed_ratio_z,Average
Aliaksandra Sasnovich,-0.00652803915216111,f_second,speed_ratio_z,Average
Alison Van Uytvanck,-0.00317717018336909,f_second,speed_ratio_z,Average
Alize Cornet,0.0108712817457623,f_second,speed_ratio_z,Average
Amanda Anisimova,-0.00138232205368466,f_second,speed_ratio_z,Average
Anastasia Pavlyuchenkova,-0.00551824164434334,f_second,speed_ratio_z,Average
Anastasia Potapova,-0.0020314815914454,f_second,speed_ratio_z,Average
Anastasija Sevastova,-0.00248161255267437,f_second,speed_ratio_z,Average
Andrea Petkovic,-0.000174382234749969,f_second,speed_ratio_z,Average
Anett Kontaveit,0.00396452406751901,f_second,speed_ratio_z,Average
Angelique Kerber,0.00811093673326814,f_second,speed_ratio_z,Average
Anhelina Kalinina,-0.000667869956535748,f_second,speed_ratio_z,Average
Anna Blinkova,-0.00129647375810128,f_second,speed_ratio_z,Average
Anna Kalinskaya,0.00156495851769877,f_second,speed_ratio_z,Average
Arantxa Rus,-0.00165292655045107,f_second,speed_ratio_z,Average
Aryna Sabalenka,-0.0047343724124507,f_second,speed_ratio_z,Average
Ashleigh Barty,-0.0118367664611108,f_second,speed_ratio_z,Average
Ashlyn Krueger,-0.000603308407251049,f_second,speed_ratio_z,Average
Barbora Krejcikova,0.0305993413396814,f_second,speed_ratio_z,Over-performer
Beatriz Haddad Maia,0.00234421940470147,f_second,speed_ratio_z,Average
Belinda Bencic,0.00805876922673115,f_second,speed_ratio_z,Average
Bernarda Pera,-0.00344822000572199,f_second,speed_ratio_z,Average
Bianca Andreescu,0.00134000454775415,f_second,speed_ratio_z,Average
Brenda Fruhvirtova,-0.00911657014300466,f_second,speed_ratio_z,Average
Camila Giorgi,0.00284664329144102,f_second,speed_ratio_z,Average
Caroline Dolehide,0.00031113314657647,f_second,speed_ratio_z,Average
Caroline Garcia,0.000962991257592283,f_second,speed_ratio_z,Average
Caroline Wozniacki,-0.0037189689484254,f_second,speed_ratio_z,Average
Caty McNally,-0.000171057097553119,f_second,speed_ratio_z,Average
Clara Burel,-0.00125016383221438,f_second,speed_ratio_z,Average
Clara Tauson,-0.00679024765042769,f_second,speed_ratio_z,Average
Coco Gauff,0.0170368016760504,f_second,speed_ratio_z,Over-performer
Cristina Bucsa,0.000379441847017168,f_second,speed_ratio_z,Average
Dalma Galfi,-0.00782483520429232,f_second,speed_ratio_z,Average
Danielle Collins,0.00173166567705077,f_second,speed_ratio_z,Average
Daria Kasatkina,0.00426066354959576,f_second,speed_ratio_z,Average
Daria Saville,-0.00302930552601019,f_second,speed_ratio_z,Average
Dayana Yastremska,0.0121554858809124,f_second,speed_ratio_z,Average
Diana Shnaider,0.000465866623882334,f_second,speed_ratio_z,Average
Diane Parry,0.00251744189509226,f_second,speed_ratio_z,Average
Donna Vekic,0.00610986575160266,f_second,speed_ratio_z,Average
Ekaterina Alexandrova,0.0063962805287513,f_second,speed_ratio_z,Average
Elena Rybakina,-0.00484857713835514,f_second,speed_ratio_z,Average
Elina Avanesyan,-0.000234684029278055,f_second,speed_ratio_z,Average
Elina Svitolina,-0.0131589398687936,f_second,speed_ratio_z,Average
Elisabetta Cocciaretto,-0.00779104660021193,f_second,speed_ratio_z,Average
Elise Mertens,0.00809698828582102,f_second,speed_ratio_z,Average
Emma Navarro,-0.0100405595343213,f_second,speed_ratio_z,Average
Emma Raducanu,0.00839561022487746,f_second,speed_ratio_z,Average
Fiona Ferro,-0.0192943645166163,f_second,speed_ratio_z,Under-performer
Garbine Muguruza,-0.0107055937487251,f_second,speed_ratio_z,Average
Greet Minnen,-0.00473933271710616,f_second,speed_ratio_z,Average
Harmony Tan,-0.000950269085401134,f_second,speed_ratio_z,Average
Harriet Dart,-0.00421545868830493,f_second,speed_ratio_z,Average
Heather Watson,-0.00412114215375285,f_second,speed_ratio_z,Average
Iga Swiatek,-0.00341342183579696,f_second,speed_ratio_z,Average
Jaqueline Cristian,-0.00394078552485821,f_second,speed_ratio_z,Average
Jasmine Paolini,-0.00402984151178463,f_second,speed_ratio_z,Average
Jelena Ostapenko,0.0070613212761478,f_second,speed_ratio_z,Average
Jessica Bouzas Maneiro,-0.000687800674593651,f_second,speed_ratio_z,Average
Jessica Pegula,0.0238044521008081,f_second,speed_ratio_z,Over-performer
Jodie Burrage,0.000424394939940522,f_second,speed_ratio_z,Average
Jule Niemeier,0.000611845679658436,f_second,speed_ratio_z,Average
Kaia Kanepi,0.000323745678022669,f_second,speed_ratio_z,Average
Kaja Juvan,-0.0046457199312173,f_second,speed_ratio_z,Average
Karolina Muchova,-0.01633561340933,f_second,speed_ratio_z,Average
Katerina Siniakova,-0.00217093136398985,f_second,speed_ratio_z,Average
Kateryna Kozlova,-0.00742745749744714,f_second,speed_ratio_z,Average
Katie Boulter,0.000564482992863261,f_second,speed_ratio_z,Average
Katie Volynets,0.00791758211575125,f_second,speed_ratio_z,Average
Laura Siegemund,0.0104238388551234,f_second,speed_ratio_z,Average
Lauren Davis,0.0024842778136801,f_second,speed_ratio_z,Average
Lesia Tsurenko,0.00950164376207122,f_second,speed_ratio_z,Average
Lin Zhu,0.00694626120806986,f_second,speed_ratio_z,Average
Linda Noskova,-0.00248151244805127,f_second,speed_ratio_z,Average
Liudmila Samsonova,-0.00720742938974539,f_second,speed_ratio_z,Average
Lulu Sun,0.00183825452912359,f_second,speed_ratio_z,Average
Madison Brengle,-0.0008472926980731,f_second,speed_ratio_z,Average
Madison Keys,-0.00610324761852501,f_second,speed_ratio_z,Average
Magda Linette,0.00309487244011567,f_second,speed_ratio_z,Average
Magdalena Frech,-0.00205206733117627,f_second,speed_ratio_z,Average
Maria Sakkari,0.00887493088347017,f_second,speed_ratio_z,Average
Marie Bouzkova,0.0116727024556868,f_second,speed_ratio_z,Average
Marketa Vondrousova,-0.00853723312998946,f_second,speed_ratio_z,Average
Marta Kostyuk,-0.00827078465773095,f_second,speed_ratio_z,Average
Martina Trevisan,0.00842549898468124,f_second,speed_ratio_z,Average
McCartney Kessler,-0.00876692838406192,f_second,speed_ratio_z,Average
Mirra Andreeva,-0.0100100681198213,f_second,speed_ratio_z,Average
Naomi Osaka,-0.00206007408854806,f_second,speed_ratio_z,Average
Nina Stojanovic,0.00911316202319921,f_second,speed_ratio_z,Average
Ons Jabeur,0.00620030531498984,f_second,speed_ratio_z,Average
Paula Badosa,0.0103485035319149,f_second,speed_ratio_z,Average
Petra Kvitova,-0.0038857056283787,f_second,speed_ratio_z,Average
Petra Martic,-0.00756758019446404,f_second,speed_ratio_z,Average
Qiang Wang,-0.0134688211950332,f_second,speed_ratio_z,Average
Qinwen Zheng,0.00891035431919487,f_second,speed_ratio_z,Average
Renata Zarazua,0.00795849389056662,f_second,speed_ratio_z,Average
Robin Montgomery,0.000875517427531618,f_second,speed_ratio_z,Average
Sara Sorribes Tormo,0.00259971105786463,f_second,speed_ratio_z,Average
Shelby Rogers,0.000554759047909336,f_second,speed_ratio_z,Average
Shuai Zhang,0.00641417258128255,f_second,speed_ratio_z,Average
Simona Halep,0.0214457688028081,f_second,speed_ratio_z,Over-performer
Sloane Stephens,-0.0104178878414613,f_second,speed_ratio_z,Average
Sofia Kenin,-0.00153786240637473,f_second,speed_ratio_z,Average
Sorana Cirstea,-0.0289532132277546,f_second,speed_ratio_z,Under-performer
Tatjana Maria,0.0066488333591058,f_second,speed_ratio_z,Average
Varvara Gracheva,0.0106271860957295,f_second,speed_ratio_z,Average
Venus Williams,-0.000491282237444475,f_second,speed_ratio_z,Average
Vera Zvonareva,-0.00317746228837463,f_second,speed_ratio_z,Average
Veronika Kudermetova,-0.00104194510350362,f_second,speed_ratio_z,Average
Victoria Azarenka,0.0121552560679876,f_second,speed_ratio_z,Average
Viktorija Golubic,0.00568800850030762,f_second,speed_ratio_z,Average
Viktoriya Tomova,0.00102261155526456,f_second,speed_ratio_z,Average
Yafan Wang,-0.00467034447090461,f_second,speed_ratio_z,Average
Yulia Putintseva,-0.00863056585646837,f_second,speed_ratio_z,Average
