server_name,random_intercept,model,year,group
Alexander Bublik,0.0457285124651359,m_first_2021,2021,m_first
Alexander Zverev,0.183696655157436,m_first_2021,2021,m_first
Aljaz Bedene,0.0116082823673044,m_first_2021,2021,m_first
Andrey Rublev,-0.0911005150269763,m_first_2021,2021,m_first
Andy Murray,-0.130340501483849,m_first_2021,2021,m_first
Benoit Paire,-0.137497441272482,m_first_2021,2021,m_first
Botic Van De Zandschulp,0.0852300112849306,m_first_2021,2021,m_first
Cameron Norrie,0.0570447908188764,m_first_2021,2021,m_first
Carlos Alcaraz,-0.0998127309532328,m_first_2021,2021,m_first
Casper Ruud,0.0793161742690937,m_first_2021,2021,m_first
Cristian Garin,-0.0302264055782949,m_first_2021,2021,m_first
Daniel Evans,0.0766373196536629,m_first_2021,2021,m_first
Daniil Medvedev,0.0867816254673508,m_first_2021,2021,m_first
Denis Kudla,-0.0230096485732617,m_first_2021,2021,m_first
Denis Shapovalov,-0.026927213747901,m_first_2021,2021,m_first
Diego Schwartzman,0.142848895876423,m_first_2021,2021,m_first
Dominik Koepfer,-0.0672428306930965,m_first_2021,2021,m_first
Dusan Lajovic,-0.0832867055756587,m_first_2021,2021,m_first
Fabio Fognini,-0.0397332559641594,m_first_2021,2021,m_first
Federico Delbonis,-0.0529735939963918,m_first_2021,2021,m_first
Feliciano Lopez,0.0111805641153144,m_first_2021,2021,m_first
Frances Tiafoe,-0.0689470015781061,m_first_2021,2021,m_first
Grigor Dimitrov,0.0484719767119333,m_first_2021,2021,m_first
Guido Pella,0.0525844162595509,m_first_2021,2021,m_first
Hubert Hurkacz,-0.0212654263491989,m_first_2021,2021,m_first
Ilya Ivashka,-0.0578449967727412,m_first_2021,2021,m_first
James Duckworth,0.0680863012497949,m_first_2021,2021,m_first
Jannik Sinner,-0.0534176015365798,m_first_2021,2021,m_first
John Isner,0.086773755047766,m_first_2021,2021,m_first
John Millman,0.00375628451763996,m_first_2021,2021,m_first
Jordan Thompson,0.0730648828989718,m_first_2021,2021,m_first
Karen Khachanov,-0.108717151612954,m_first_2021,2021,m_first
Kei Nishikori,-0.0844646711799937,m_first_2021,2021,m_first
Kevin Anderson,-0.0287543740198101,m_first_2021,2021,m_first
Lloyd Harris,-0.113357939142214,m_first_2021,2021,m_first
Lorenzo Sonego,-0.0403129914335471,m_first_2021,2021,m_first
Lucas Pouille,-0.0605781622044049,m_first_2021,2021,m_first
Marin Cilic,-0.0319444997089919,m_first_2021,2021,m_first
Marton Fucsovics,-0.0100303046429628,m_first_2021,2021,m_first
Matteo Berrettini,-0.00784597978162714,m_first_2021,2021,m_first
Novak Djokovic,0.135769989227278,m_first_2021,2021,m_first
Pedro Martinez,-0.0161180585894002,m_first_2021,2021,m_first
Philipp Kohlschreiber,0.241721675691532,m_first_2021,2021,m_first
Richard Gasquet,0.00442047483285314,m_first_2021,2021,m_first
Roberto Bautista Agut,-0.158420202213998,m_first_2021,2021,m_first
Roger Federer,0.0366924626358567,m_first_2021,2021,m_first
Salvatore Caruso,-0.0581167617910098,m_first_2021,2021,m_first
Sam Querrey,0.0219286415371854,m_first_2021,2021,m_first
Sebastian Korda,-0.0176757468848923,m_first_2021,2021,m_first
Stefanos Tsitsipas,0.0364280593076504,m_first_2021,2021,m_first
Taylor Fritz,-0.0724103012267052,m_first_2021,2021,m_first
Tennys Sandgren,-0.0300317617684605,m_first_2021,2021,m_first
Yoshihito Nishioka,0.183494456337718,m_first_2021,2021,m_first
Adrian Mannarino,-0.00959890613871418,m_first_2022,2022,m_first
Alejandro Davidovich Fokina,0.00195723848887962,m_first_2022,2022,m_first
Alex De Minaur,-0.0136087352201194,m_first_2022,2022,m_first
Alex Molcan,0.00134490580222451,m_first_2022,2022,m_first
Alexander Bublik,0.010601757328776,m_first_2022,2022,m_first
Andy Murray,0.0308606245864395,m_first_2022,2022,m_first
Botic Van De Zandschulp,0.00670977098384168,m_first_2022,2022,m_first
Brandon Nakashima,0.0354704063218676,m_first_2022,2022,m_first
Cameron Norrie,-0.0329949038055819,m_first_2022,2022,m_first
Carlos Alcaraz,0.00693929506305533,m_first_2022,2022,m_first
Casper Ruud,-0.00945348523805022,m_first_2022,2022,m_first
Cristian Garin,-0.00301641112691828,m_first_2022,2022,m_first
Daniel Evans,0.00431843606202579,m_first_2022,2022,m_first
David Goffin,0.0014612340692083,m_first_2022,2022,m_first
Denis Shapovalov,0.00967816197346913,m_first_2022,2022,m_first
Diego Schwartzman,-0.00513677331737521,m_first_2022,2022,m_first
Elias Ymer,-0.00584234167123687,m_first_2022,2022,m_first
Frances Tiafoe,0.0225659762858149,m_first_2022,2022,m_first
Francisco Cerundolo,0.0114830355418832,m_first_2022,2022,m_first
Hubert Hurkacz,0.00601017356974136,m_first_2022,2022,m_first
Hugo Dellien,-0.0228200962995897,m_first_2022,2022,m_first
Jack Draper,-0.000420279169660456,m_first_2022,2022,m_first
Jack Sock,-0.0132144522324157,m_first_2022,2022,m_first
James Duckworth,-0.0033558314747341,m_first_2022,2022,m_first
Jannik Sinner,-0.0059920523768987,m_first_2022,2022,m_first
Jason Kubler,-0.00680805181593911,m_first_2022,2022,m_first
Jaume Munar,-0.00526754953428938,m_first_2022,2022,m_first
Jenson Brooksby,-0.00614532676701236,m_first_2022,2022,m_first
Jiri Vesely,-0.01017487355184,m_first_2022,2022,m_first
John Isner,0.0161437646068727,m_first_2022,2022,m_first
Jordan Thompson,-0.0171030202387608,m_first_2022,2022,m_first
Liam Broady,-0.00768633434012397,m_first_2022,2022,m_first
Lorenzo Musetti,0.00422685350122388,m_first_2022,2022,m_first
Lorenzo Sonego,-0.015775627999879,m_first_2022,2022,m_first
Maxime Cressy,-0.0122227109475438,m_first_2022,2022,m_first
Mikael Ymer,-0.00523370413679887,m_first_2022,2022,m_first
Miomir Kecmanovic,-0.0053778538230378,m_first_2022,2022,m_first
Nick Kyrgios,-0.0284300390014349,m_first_2022,2022,m_first
Nikoloz Basilashvili,-0.00422651030183925,m_first_2022,2022,m_first
Novak Djokovic,0.0326664800539848,m_first_2022,2022,m_first
Oscar Otte,-0.0148325352564349,m_first_2022,2022,m_first
Pablo Andujar,0.013532362609716,m_first_2022,2022,m_first
Rafael Nadal,-0.0164983131030771,m_first_2022,2022,m_first
Ricardas Berankis,0.0161758226591064,m_first_2022,2022,m_first
Richard Gasquet,-0.00817125705387831,m_first_2022,2022,m_first
Stan Wawrinka,0.00372441798043025,m_first_2022,2022,m_first
Stefan Kozlov,-0.0155957493668673,m_first_2022,2022,m_first
Stefanos Tsitsipas,0.0296325811203498,m_first_2022,2022,m_first
Steve Johnson,0.00582592929148598,m_first_2022,2022,m_first
Tallon Griekspoor,0.00324903462939654,m_first_2022,2022,m_first
Taylor Fritz,0.0164600657252774,m_first_2022,2022,m_first
Thanasi Kokkinakis,0.00114998259158316,m_first_2022,2022,m_first
Tim Van Rijthoven,-0.00530563212596092,m_first_2022,2022,m_first
Tommy Paul,0.0261576018398448,m_first_2022,2022,m_first
Ugo Humbert,-0.0101151510061169,m_first_2022,2022,m_first
Adrian Mannarino,-0.0647612727894802,m_first_2023,2023,m_first
Alejandro Davidovich Fokina,0.0120984201978012,m_first_2023,2023,m_first
Alex De Minaur,0.0295378317393897,m_first_2023,2023,m_first
Alexander Bublik,0.0579283382554158,m_first_2023,2023,m_first
Alexander Zverev,0.0579114094507954,m_first_2023,2023,m_first
Alexandre Muller,-0.063268957367736,m_first_2023,2023,m_first
Andrey Rublev,0.0300714878744057,m_first_2023,2023,m_first
Andy Murray,0.0776273311431169,m_first_2023,2023,m_first
Aslan Karatsev,-0.0532068484983255,m_first_2023,2023,m_first
Cameron Norrie,0.0601105509984264,m_first_2023,2023,m_first
Carlos Alcaraz,-0.0502287935159087,m_first_2023,2023,m_first
Christopher Eubanks,-0.152388169587869,m_first_2023,2023,m_first
Daniel Evans,-0.00337485776219742,m_first_2023,2023,m_first
Daniil Medvedev,0.0260936448044671,m_first_2023,2023,m_first
David Goffin,0.0484131127364584,m_first_2023,2023,m_first
Denis Shapovalov,0.0181602094065097,m_first_2023,2023,m_first
Diego Schwartzman,-0.0186910900131012,m_first_2023,2023,m_first
Dominic Stricker,0.0419855115931129,m_first_2023,2023,m_first
Dominic Thiem,0.0136506606351874,m_first_2023,2023,m_first
Emil Ruusuvuori,-0.00943089225388087,m_first_2023,2023,m_first
Fabian Marozsan,-0.0746391516928819,m_first_2023,2023,m_first
Frances Tiafoe,-0.0737203209686577,m_first_2023,2023,m_first
Gijs Brouwer,0.0480170902486895,m_first_2023,2023,m_first
Grigor Dimitrov,0.0462188718926694,m_first_2023,2023,m_first
Holger Rune,-0.0144413758173949,m_first_2023,2023,m_first
Hubert Hurkacz,0.0699362378435879,m_first_2023,2023,m_first
Ilya Ivashka,-0.0316375867904868,m_first_2023,2023,m_first
Jannik Sinner,0.0450057747975569,m_first_2023,2023,m_first
Jiri Lehecka,0.0174838326099721,m_first_2023,2023,m_first
Jordan Thompson,0.0860707031987151,m_first_2023,2023,m_first
Laslo Djere,0.151722032833501,m_first_2023,2023,m_first
Lorenzo Musetti,0.0123500200232092,m_first_2023,2023,m_first
Lorenzo Sonego,0.0836278968961861,m_first_2023,2023,m_first
Marco Cecchinato,-0.0289858276731767,m_first_2023,2023,m_first
Marton Fucsovics,0.00933179399848074,m_first_2023,2023,m_first
Matteo Berrettini,0.0292731099197571,m_first_2023,2023,m_first
Max Purcell,0.0114102459813307,m_first_2023,2023,m_first
Maxime Cressy,0.0483400747737607,m_first_2023,2023,m_first
Maximilian Marterer,-0.0765881647360681,m_first_2023,2023,m_first
Mikael Ymer,-0.0643025258027705,m_first_2023,2023,m_first
Nicolas Jarry,-0.0275637165192317,m_first_2023,2023,m_first
Novak Djokovic,-0.0622429506218175,m_first_2023,2023,m_first
Pedro Cachin,0.00950346658922613,m_first_2023,2023,m_first
Quentin Halys,-0.0328147156186635,m_first_2023,2023,m_first
Radu Albot,-0.0242443001969385,m_first_2023,2023,m_first
Roberto Carballes Baena,-0.0543112594013254,m_first_2023,2023,m_first
Roman Safiullin,-0.112222954767529,m_first_2023,2023,m_first
Stan Wawrinka,-0.0561667836161544,m_first_2023,2023,m_first
Stefanos Tsitsipas,0.0705807678577275,m_first_2023,2023,m_first
Taylor Fritz,-0.0861635225145457,m_first_2023,2023,m_first
Tommy Paul,0.0327782822083957,m_first_2023,2023,m_first
Yannick Hanfmann,-0.0163284060697579,m_first_2023,2023,m_first
Yibing Wu,-0.0261071585247897,m_first_2023,2023,m_first
Yosuke Watanuki,0.0052800384813559,m_first_2023,2023,m_first
Adrian Mannarino,0.000176591822645041,m_first_2024,2024,m_first
Alejandro Tabilo,0.0562898293484833,m_first_2024,2024,m_first
Aleksandar Kovacevic,0.0364272031136936,m_first_2024,2024,m_first
Aleksandar Vukic,-0.109444809233632,m_first_2024,2024,m_first
Alex de Minaur,-0.0800857293605533,m_first_2024,2024,m_first
Alexander Bublik,-0.0119505895693238,m_first_2024,2024,m_first
Alexander Zverev,0.113634346824233,m_first_2024,2024,m_first
Alexandre Muller,0.166732084709331,m_first_2024,2024,m_first
Alexei Popyrin,0.0426371949452956,m_first_2024,2024,m_first
Arthur Fils,-0.372169403735701,m_first_2024,2024,m_first
Arthur Rinderknech,0.267143274722703,m_first_2024,2024,m_first
Ben Shelton,0.0558418999868602,m_first_2024,2024,m_first
Borna Coric,-0.200433620413823,m_first_2024,2024,m_first
Botic van De Zandschulp,0.0343904409103613,m_first_2024,2024,m_first
Brandon Nakashima,0.0426029490252343,m_first_2024,2024,m_first
Cameron Norrie,0.0161910967871707,m_first_2024,2024,m_first
Carlos Alcaraz,-0.313205068277826,m_first_2024,2024,m_first
Casper Ruud,0.0700596242223971,m_first_2024,2024,m_first
Daniel Evans,0.0471976761978261,m_first_2024,2024,m_first
Daniil Medvedev,-0.275310264647172,m_first_2024,2024,m_first
Denis Shapovalov,-0.0511282297598018,m_first_2024,2024,m_first
Dusan Lajovic,0.0682784986811261,m_first_2024,2024,m_first
Emil Ruusuvuori,0.111787952216498,m_first_2024,2024,m_first
Fabio Fognini,-0.0560006103996416,m_first_2024,2024,m_first
Facundo Diaz Acosta,-0.203099283239026,m_first_2024,2024,m_first
Frances Tiafoe,0.178628003545784,m_first_2024,2024,m_first
Gael Monfils,0.0136860569623355,m_first_2024,2024,m_first
Grigor Dimitrov,0.293363658328386,m_first_2024,2024,m_first
Holger Rune,-0.00041784121796793,m_first_2024,2024,m_first
Jack Draper,0.1918894171415,m_first_2024,2024,m_first
James Duckworth,-0.171733875053429,m_first_2024,2024,m_first
Jannik Sinner,-0.0162728918235452,m_first_2024,2024,m_first
Jaume Munar,-0.120925496156297,m_first_2024,2024,m_first
Juncheng Shang,0.0678762148331437,m_first_2024,2024,m_first
Lorenzo Musetti,-0.0663604144861929,m_first_2024,2024,m_first
Marcos Giron,-0.00445415561119084,m_first_2024,2024,m_first
Marton Fucsovics,-0.115879286429959,m_first_2024,2024,m_first
Matteo Berrettini,0.102300754655961,m_first_2024,2024,m_first
Mattia Bellucci,0.17227114785952,m_first_2024,2024,m_first
Miomir Kecmanovic,0.046634500029167,m_first_2024,2024,m_first
Novak Djokovic,-0.113620001448267,m_first_2024,2024,m_first
Pedro Martinez,0.0538025954803625,m_first_2024,2024,m_first
Quentin Halys,0.149373380607585,m_first_2024,2024,m_first
Roberto Bautista Agut,-0.148568280201861,m_first_2024,2024,m_first
Roberto Carballes Baena,-0.18473090863717,m_first_2024,2024,m_first
Stan Wawrinka,0.0311896836654849,m_first_2024,2024,m_first
Stefanos Tsitsipas,0.0758090568110448,m_first_2024,2024,m_first
Taro Daniel,-0.092595244685782,m_first_2024,2024,m_first
Taylor Fritz,-0.0981647080460369,m_first_2024,2024,m_first
Thiago Seyboth Wild,-0.0551038824527794,m_first_2024,2024,m_first
Tommy Paul,0.0566611615143494,m_first_2024,2024,m_first
Ugo Humbert,0.0898598977281831,m_first_2024,2024,m_first
Yannick Hanfmann,0.107129020617237,m_first_2024,2024,m_first
Alexander Bublik,0,m_second_2021,2021,m_second
Alexander Zverev,0,m_second_2021,2021,m_second
Aljaz Bedene,0,m_second_2021,2021,m_second
Andrey Rublev,0,m_second_2021,2021,m_second
Andy Murray,0,m_second_2021,2021,m_second
Benoit Paire,0,m_second_2021,2021,m_second
Botic Van De Zandschulp,0,m_second_2021,2021,m_second
Cameron Norrie,0,m_second_2021,2021,m_second
Carlos Alcaraz,0,m_second_2021,2021,m_second
Casper Ruud,0,m_second_2021,2021,m_second
Cristian Garin,0,m_second_2021,2021,m_second
Daniel Evans,0,m_second_2021,2021,m_second
Daniil Medvedev,0,m_second_2021,2021,m_second
Denis Kudla,0,m_second_2021,2021,m_second
Denis Shapovalov,0,m_second_2021,2021,m_second
Diego Schwartzman,0,m_second_2021,2021,m_second
Dominik Koepfer,0,m_second_2021,2021,m_second
Dusan Lajovic,0,m_second_2021,2021,m_second
Fabio Fognini,0,m_second_2021,2021,m_second
Federico Delbonis,0,m_second_2021,2021,m_second
Feliciano Lopez,0,m_second_2021,2021,m_second
Frances Tiafoe,0,m_second_2021,2021,m_second
Grigor Dimitrov,0,m_second_2021,2021,m_second
Guido Pella,0,m_second_2021,2021,m_second
Hubert Hurkacz,0,m_second_2021,2021,m_second
Ilya Ivashka,0,m_second_2021,2021,m_second
James Duckworth,0,m_second_2021,2021,m_second
Jannik Sinner,0,m_second_2021,2021,m_second
John Isner,0,m_second_2021,2021,m_second
John Millman,0,m_second_2021,2021,m_second
Jordan Thompson,0,m_second_2021,2021,m_second
Karen Khachanov,0,m_second_2021,2021,m_second
Kei Nishikori,0,m_second_2021,2021,m_second
Kevin Anderson,0,m_second_2021,2021,m_second
Lloyd Harris,0,m_second_2021,2021,m_second
Lorenzo Sonego,0,m_second_2021,2021,m_second
Lucas Pouille,0,m_second_2021,2021,m_second
Marin Cilic,0,m_second_2021,2021,m_second
Marton Fucsovics,0,m_second_2021,2021,m_second
Matteo Berrettini,0,m_second_2021,2021,m_second
Novak Djokovic,0,m_second_2021,2021,m_second
Pedro Martinez,0,m_second_2021,2021,m_second
Philipp Kohlschreiber,0,m_second_2021,2021,m_second
Richard Gasquet,0,m_second_2021,2021,m_second
Roberto Bautista Agut,0,m_second_2021,2021,m_second
Roger Federer,0,m_second_2021,2021,m_second
Salvatore Caruso,0,m_second_2021,2021,m_second
Sam Querrey,0,m_second_2021,2021,m_second
Sebastian Korda,0,m_second_2021,2021,m_second
Stefanos Tsitsipas,0,m_second_2021,2021,m_second
Taylor Fritz,0,m_second_2021,2021,m_second
Tennys Sandgren,0,m_second_2021,2021,m_second
Yoshihito Nishioka,0,m_second_2021,2021,m_second
Adrian Mannarino,0.00024506029335389,m_second_2022,2022,m_second
Alejandro Davidovich Fokina,0.00454229542956555,m_second_2022,2022,m_second
Alex De Minaur,0.00261260346901383,m_second_2022,2022,m_second
Alex Molcan,-0.00212013879299422,m_second_2022,2022,m_second
Alexander Bublik,-0.00223667131413747,m_second_2022,2022,m_second
Andy Murray,0.0017724059095932,m_second_2022,2022,m_second
Botic Van De Zandschulp,-0.00337267314185905,m_second_2022,2022,m_second
Brandon Nakashima,0.00445233433053962,m_second_2022,2022,m_second
Cameron Norrie,-0.00716630840256728,m_second_2022,2022,m_second
Carlos Alcaraz,0.00507513568296934,m_second_2022,2022,m_second
Casper Ruud,0.00010158317609999,m_second_2022,2022,m_second
Cristian Garin,-0.00569807654768215,m_second_2022,2022,m_second
Daniel Evans,-0.000746683223693214,m_second_2022,2022,m_second
David Goffin,-0.0030693476421758,m_second_2022,2022,m_second
Denis Shapovalov,0.00501083253313014,m_second_2022,2022,m_second
Diego Schwartzman,0.00515537162849904,m_second_2022,2022,m_second
Elias Ymer,-0.000907708491131709,m_second_2022,2022,m_second
Frances Tiafoe,0.00146851436744887,m_second_2022,2022,m_second
Francisco Cerundolo,-0.0014035047684337,m_second_2022,2022,m_second
Hubert Hurkacz,0.00101313572598932,m_second_2022,2022,m_second
Hugo Dellien,0.00154970390481845,m_second_2022,2022,m_second
Jack Draper,-0.000563343527558772,m_second_2022,2022,m_second
Jack Sock,0.00268853661118309,m_second_2022,2022,m_second
James Duckworth,-0.00457187868503819,m_second_2022,2022,m_second
Jannik Sinner,0.0114515275880185,m_second_2022,2022,m_second
Jason Kubler,-0.00394405669972517,m_second_2022,2022,m_second
Jaume Munar,0.00275521233396846,m_second_2022,2022,m_second
Jenson Brooksby,0.00206763621099564,m_second_2022,2022,m_second
Jiri Vesely,0.000145539032279825,m_second_2022,2022,m_second
John Isner,-0.00150912911276505,m_second_2022,2022,m_second
Jordan Thompson,-0.00184305595727614,m_second_2022,2022,m_second
Liam Broady,-0.00204323721084818,m_second_2022,2022,m_second
Lorenzo Musetti,0.000846688453653911,m_second_2022,2022,m_second
Lorenzo Sonego,0.00038798141847351,m_second_2022,2022,m_second
Maxime Cressy,0.00399395657526482,m_second_2022,2022,m_second
Mikael Ymer,0.00262047206279707,m_second_2022,2022,m_second
Miomir Kecmanovic,-0.000942702214331234,m_second_2022,2022,m_second
Nick Kyrgios,-0.00943665362696949,m_second_2022,2022,m_second
Nikoloz Basilashvili,0.00163776926307226,m_second_2022,2022,m_second
Novak Djokovic,0.00625101221725643,m_second_2022,2022,m_second
Oscar Otte,-0.00691936340708629,m_second_2022,2022,m_second
Pablo Andujar,0.00151132822247916,m_second_2022,2022,m_second
Rafael Nadal,0.000157400723868978,m_second_2022,2022,m_second
Ricardas Berankis,-0.000631774053878422,m_second_2022,2022,m_second
Richard Gasquet,0.000787014989461716,m_second_2022,2022,m_second
Stan Wawrinka,0.00183334939484349,m_second_2022,2022,m_second
Stefan Kozlov,-0.00345988526185354,m_second_2022,2022,m_second
Stefanos Tsitsipas,0.00412646085447841,m_second_2022,2022,m_second
Steve Johnson,-0.00591418261837766,m_second_2022,2022,m_second
Tallon Griekspoor,0.000717278465581928,m_second_2022,2022,m_second
Taylor Fritz,-0.00495816477295054,m_second_2022,2022,m_second
Thanasi Kokkinakis,-0.00230083953722961,m_second_2022,2022,m_second
Tim Van Rijthoven,-0.00476021087792512,m_second_2022,2022,m_second
Tommy Paul,0.00265825631470472,m_second_2022,2022,m_second
Ugo Humbert,0.0008323631032429,m_second_2022,2022,m_second
Adrian Mannarino,0.0297624730888022,m_second_2023,2023,m_second
Alejandro Davidovich Fokina,0.0127440069644885,m_second_2023,2023,m_second
Alex De Minaur,0.00195340022049991,m_second_2023,2023,m_second
Alexander Bublik,0.0652284589371525,m_second_2023,2023,m_second
Alexander Zverev,0.0588028228506712,m_second_2023,2023,m_second
Alexandre Muller,0.0867945280866695,m_second_2023,2023,m_second
Andrey Rublev,-0.0699223491356211,m_second_2023,2023,m_second
Andy Murray,0.101269329309608,m_second_2023,2023,m_second
Aslan Karatsev,0.00744349123962054,m_second_2023,2023,m_second
Cameron Norrie,-0.0473211086247484,m_second_2023,2023,m_second
Carlos Alcaraz,-0.00472642929519311,m_second_2023,2023,m_second
Christopher Eubanks,-0.0389449231396735,m_second_2023,2023,m_second
Daniel Evans,0.05381243713736,m_second_2023,2023,m_second
Daniil Medvedev,-0.0985876661062211,m_second_2023,2023,m_second
David Goffin,0.036895131959277,m_second_2023,2023,m_second
Denis Shapovalov,-0.0410638888258006,m_second_2023,2023,m_second
Diego Schwartzman,-0.0133887156167745,m_second_2023,2023,m_second
Dominic Stricker,-0.0219670220672867,m_second_2023,2023,m_second
Dominic Thiem,0.0538847046906675,m_second_2023,2023,m_second
Emil Ruusuvuori,-0.0292533353771806,m_second_2023,2023,m_second
Fabian Marozsan,-0.0101218502667281,m_second_2023,2023,m_second
Frances Tiafoe,-0.0380872617384881,m_second_2023,2023,m_second
Gijs Brouwer,0.0339722166791186,m_second_2023,2023,m_second
Grigor Dimitrov,0.0126528608936368,m_second_2023,2023,m_second
Holger Rune,-0.0526095683691269,m_second_2023,2023,m_second
Hubert Hurkacz,0.0281356275542068,m_second_2023,2023,m_second
Ilya Ivashka,-0.0599508531615581,m_second_2023,2023,m_second
Jannik Sinner,0.00128609667714881,m_second_2023,2023,m_second
Jiri Lehecka,-0.0634379459487982,m_second_2023,2023,m_second
Jordan Thompson,-0.0140064405218521,m_second_2023,2023,m_second
Laslo Djere,0.00162521261100976,m_second_2023,2023,m_second
Lorenzo Musetti,0.0225054420683958,m_second_2023,2023,m_second
Lorenzo Sonego,0.03460069721947,m_second_2023,2023,m_second
Marco Cecchinato,-0.00419429954863839,m_second_2023,2023,m_second
Marton Fucsovics,-0.024241292676518,m_second_2023,2023,m_second
Matteo Berrettini,-0.0435701947146541,m_second_2023,2023,m_second
Max Purcell,0.00117317143231134,m_second_2023,2023,m_second
Maxime Cressy,0.0143545261438714,m_second_2023,2023,m_second
Maximilian Marterer,-0.0246374088724048,m_second_2023,2023,m_second
Mikael Ymer,0.00177975497740404,m_second_2023,2023,m_second
Nicolas Jarry,-0.0987379066239331,m_second_2023,2023,m_second
Novak Djokovic,0.0423202436726781,m_second_2023,2023,m_second
Pedro Cachin,-0.0132985322771793,m_second_2023,2023,m_second
Quentin Halys,0.0232064937105164,m_second_2023,2023,m_second
Radu Albot,-0.0174170709393231,m_second_2023,2023,m_second
Roberto Carballes Baena,0.0312196348766605,m_second_2023,2023,m_second
Roman Safiullin,0.0705827797780768,m_second_2023,2023,m_second
Stan Wawrinka,-0.0366513957565546,m_second_2023,2023,m_second
Stefanos Tsitsipas,0.0269443909431366,m_second_2023,2023,m_second
Taylor Fritz,0.00862109205022579,m_second_2023,2023,m_second
Tommy Paul,0.0366092711751377,m_second_2023,2023,m_second
Yannick Hanfmann,0.0459801493251369,m_second_2023,2023,m_second
Yibing Wu,-0.0814918833962537,m_second_2023,2023,m_second
Yosuke Watanuki,-0.00533839352906109,m_second_2023,2023,m_second
Adrian Mannarino,0,m_second_2024,2024,m_second
Alejandro Tabilo,0,m_second_2024,2024,m_second
Aleksandar Kovacevic,0,m_second_2024,2024,m_second
Aleksandar Vukic,0,m_second_2024,2024,m_second
Alex de Minaur,0,m_second_2024,2024,m_second
Alexander Bublik,0,m_second_2024,2024,m_second
Alexander Zverev,0,m_second_2024,2024,m_second
Alexandre Muller,0,m_second_2024,2024,m_second
Alexei Popyrin,0,m_second_2024,2024,m_second
Arthur Fils,0,m_second_2024,2024,m_second
Arthur Rinderknech,0,m_second_2024,2024,m_second
Ben Shelton,0,m_second_2024,2024,m_second
Borna Coric,0,m_second_2024,2024,m_second
Botic van De Zandschulp,0,m_second_2024,2024,m_second
Brandon Nakashima,0,m_second_2024,2024,m_second
Cameron Norrie,0,m_second_2024,2024,m_second
Carlos Alcaraz,0,m_second_2024,2024,m_second
Casper Ruud,0,m_second_2024,2024,m_second
Daniel Evans,0,m_second_2024,2024,m_second
Daniil Medvedev,0,m_second_2024,2024,m_second
Denis Shapovalov,0,m_second_2024,2024,m_second
Dusan Lajovic,0,m_second_2024,2024,m_second
Emil Ruusuvuori,0,m_second_2024,2024,m_second
Fabio Fognini,0,m_second_2024,2024,m_second
Facundo Diaz Acosta,0,m_second_2024,2024,m_second
Frances Tiafoe,0,m_second_2024,2024,m_second
Gael Monfils,0,m_second_2024,2024,m_second
Grigor Dimitrov,0,m_second_2024,2024,m_second
Holger Rune,0,m_second_2024,2024,m_second
Jack Draper,0,m_second_2024,2024,m_second
James Duckworth,0,m_second_2024,2024,m_second
Jannik Sinner,0,m_second_2024,2024,m_second
Jaume Munar,0,m_second_2024,2024,m_second
Juncheng Shang,0,m_second_2024,2024,m_second
Lorenzo Musetti,0,m_second_2024,2024,m_second
Marcos Giron,0,m_second_2024,2024,m_second
Marton Fucsovics,0,m_second_2024,2024,m_second
Matteo Berrettini,0,m_second_2024,2024,m_second
Mattia Bellucci,0,m_second_2024,2024,m_second
Miomir Kecmanovic,0,m_second_2024,2024,m_second
Novak Djokovic,0,m_second_2024,2024,m_second
Pedro Martinez,0,m_second_2024,2024,m_second
Quentin Halys,0,m_second_2024,2024,m_second
Roberto Bautista Agut,0,m_second_2024,2024,m_second
Roberto Carballes Baena,0,m_second_2024,2024,m_second
Stan Wawrinka,0,m_second_2024,2024,m_second
Stefanos Tsitsipas,0,m_second_2024,2024,m_second
Taro Daniel,0,m_second_2024,2024,m_second
Taylor Fritz,0,m_second_2024,2024,m_second
Thiago Seyboth Wild,0,m_second_2024,2024,m_second
Tommy Paul,0,m_second_2024,2024,m_second
Ugo Humbert,0,m_second_2024,2024,m_second
Yannick Hanfmann,0,m_second_2024,2024,m_second
Ajla Tomljanovic,-3.2629781034158e-14,f_first_2021,2021,f_first
Aliaksandra Sasnovich,1.10376076146572e-14,f_first_2021,2021,f_first
Alison Van Uytvanck,-9.48617644604272e-15,f_first_2021,2021,f_first
Alize Cornet,-1.29785492678492e-14,f_first_2021,2021,f_first
Anastasia Pavlyuchenkova,-2.95659415194573e-14,f_first_2021,2021,f_first
Anastasija Sevastova,9.16364513646182e-14,f_first_2021,2021,f_first
Andrea Petkovic,1.69789398488863e-14,f_first_2021,2021,f_first
Angelique Kerber,9.76760865126676e-14,f_first_2021,2021,f_first
Anna Blinkova,-1.50983231857465e-14,f_first_2021,2021,f_first
Aryna Sabalenka,-6.61487884011435e-14,f_first_2021,2021,f_first
Ashleigh Barty,7.52076316107088e-16,f_first_2021,2021,f_first
Barbora Krejcikova,-1.11779023863859e-14,f_first_2021,2021,f_first
Belinda Bencic,-1.86281736685359e-14,f_first_2021,2021,f_first
Bianca Andreescu,-2.45565220304698e-14,f_first_2021,2021,f_first
Camila Giorgi,-1.12430652131065e-14,f_first_2021,2021,f_first
Clara Tauson,3.23079211629483e-14,f_first_2021,2021,f_first
Coco Gauff,-3.43152400835658e-14,f_first_2021,2021,f_first
Daria Kasatkina,-5.05755356498861e-14,f_first_2021,2021,f_first
Elena Rybakina,4.47954486356822e-14,f_first_2021,2021,f_first
Elina Svitolina,3.1519470524822e-14,f_first_2021,2021,f_first
Elise Mertens,1.8399979080795e-14,f_first_2021,2021,f_first
Emma Raducanu,1.0728974645431e-13,f_first_2021,2021,f_first
Fiona Ferro,-1.21832138215127e-14,f_first_2021,2021,f_first
Garbine Muguruza,2.30242654020411e-14,f_first_2021,2021,f_first
Harriet Dart,2.53637711946863e-15,f_first_2021,2021,f_first
Iga Swiatek,-2.21707219899533e-14,f_first_2021,2021,f_first
Jelena Ostapenko,-6.56820224879466e-14,f_first_2021,2021,f_first
Kaja Juvan,4.84099941310589e-15,f_first_2021,2021,f_first
Karolina Muchova,-1.58596336433775e-14,f_first_2021,2021,f_first
Katerina Siniakova,5.77423506676467e-14,f_first_2021,2021,f_first
Kateryna Kozlova,-4.11051037873076e-14,f_first_2021,2021,f_first
Katie Boulter,-2.04273623272736e-14,f_first_2021,2021,f_first
Liudmila Samsonova,-3.52940974446499e-14,f_first_2021,2021,f_first
Madison Brengle,3.23523223817411e-14,f_first_2021,2021,f_first
Madison Keys,-2.74445745168554e-14,f_first_2021,2021,f_first
Magda Linette,6.0703792773527e-15,f_first_2021,2021,f_first
Marketa Vondrousova,-1.36223823568195e-14,f_first_2021,2021,f_first
Nina Stojanovic,-2.77358819307799e-14,f_first_2021,2021,f_first
Ons Jabeur,3.04866485263267e-14,f_first_2021,2021,f_first
Paula Badosa,1.59613676467362e-14,f_first_2021,2021,f_first
Petra Kvitova,3.48642564585929e-15,f_first_2021,2021,f_first
Sara Sorribes Tormo,2.22704147722384e-14,f_first_2021,2021,f_first
Shelby Rogers,-3.51192458887224e-14,f_first_2021,2021,f_first
Sloane Stephens,4.25761834018945e-14,f_first_2021,2021,f_first
Sofia Kenin,-5.95611595121756e-14,f_first_2021,2021,f_first
Sorana Cirstea,9.91663248213421e-15,f_first_2021,2021,f_first
Venus Williams,3.4606227598809e-15,f_first_2021,2021,f_first
Vera Zvonareva,-2.94564455913733e-14,f_first_2021,2021,f_first
Victoria Azarenka,-3.28375766521288e-14,f_first_2021,2021,f_first
Viktorija Golubic,4.77847074327551e-14,f_first_2021,2021,f_first
Ajla Tomljanovic,0,f_first_2022,2022,f_first
Alison Van Uytvanck,0,f_first_2022,2022,f_first
Alize Cornet,0,f_first_2022,2022,f_first
Amanda Anisimova,0,f_first_2022,2022,f_first
Anett Kontaveit,0,f_first_2022,2022,f_first
Angelique Kerber,0,f_first_2022,2022,f_first
Anhelina Kalinina,0,f_first_2022,2022,f_first
Barbora Krejcikova,0,f_first_2022,2022,f_first
Beatriz Haddad Maia,0,f_first_2022,2022,f_first
Belinda Bencic,0,f_first_2022,2022,f_first
Bernarda Pera,0,f_first_2022,2022,f_first
Bianca Andreescu,0,f_first_2022,2022,f_first
Caroline Garcia,0,f_first_2022,2022,f_first
Clara Burel,0,f_first_2022,2022,f_first
Coco Gauff,0,f_first_2022,2022,f_first
Danielle Collins,0,f_first_2022,2022,f_first
Diane Parry,0,f_first_2022,2022,f_first
Elena Rybakina,0,f_first_2022,2022,f_first
Elise Mertens,0,f_first_2022,2022,f_first
Emma Raducanu,0,f_first_2022,2022,f_first
Garbine Muguruza,0,f_first_2022,2022,f_first
Greet Minnen,0,f_first_2022,2022,f_first
Harmony Tan,0,f_first_2022,2022,f_first
Harriet Dart,0,f_first_2022,2022,f_first
Heather Watson,0,f_first_2022,2022,f_first
Iga Swiatek,0,f_first_2022,2022,f_first
Jasmine Paolini,0,f_first_2022,2022,f_first
Jelena Ostapenko,0,f_first_2022,2022,f_first
Jessica Pegula,0,f_first_2022,2022,f_first
Jule Niemeier,0,f_first_2022,2022,f_first
Kaja Juvan,0,f_first_2022,2022,f_first
Karolina Muchova,0,f_first_2022,2022,f_first
Katie Boulter,0,f_first_2022,2022,f_first
Lauren Davis,0,f_first_2022,2022,f_first
Lesia Tsurenko,0,f_first_2022,2022,f_first
Magda Linette,0,f_first_2022,2022,f_first
Magdalena Frech,0,f_first_2022,2022,f_first
Maria Sakkari,0,f_first_2022,2022,f_first
Marie Bouzkova,0,f_first_2022,2022,f_first
Ons Jabeur,0,f_first_2022,2022,f_first
Paula Badosa,0,f_first_2022,2022,f_first
Petra Kvitova,0,f_first_2022,2022,f_first
Petra Martic,0,f_first_2022,2022,f_first
Qiang Wang,0,f_first_2022,2022,f_first
Qinwen Zheng,0,f_first_2022,2022,f_first
Shuai Zhang,0,f_first_2022,2022,f_first
Simona Halep,0,f_first_2022,2022,f_first
Sorana Cirstea,0,f_first_2022,2022,f_first
Tatjana Maria,0,f_first_2022,2022,f_first
Viktorija Golubic,0,f_first_2022,2022,f_first
Viktoriya Tomova,0,f_first_2022,2022,f_first
Aliaksandra Sasnovich,-0.0703892182443299,f_first_2023,2023,f_first
Alize Cornet,-0.0073834516919695,f_first_2023,2023,f_first
Anastasia Potapova,-0.0723341376258613,f_first_2023,2023,f_first
Anett Kontaveit,-0.0352745284971721,f_first_2023,2023,f_first
Anna Blinkova,-0.0621983644028001,f_first_2023,2023,f_first
Aryna Sabalenka,-0.0589786257511701,f_first_2023,2023,f_first
Barbora Krejcikova,0.112810218823715,f_first_2023,2023,f_first
Beatriz Haddad Maia,0.108403078144149,f_first_2023,2023,f_first
Belinda Bencic,0.264293551616747,f_first_2023,2023,f_first
Bianca Andreescu,0.116078329018728,f_first_2023,2023,f_first
Caroline Dolehide,-0.173271547119805,f_first_2023,2023,f_first
Caroline Garcia,0.0223676849475358,f_first_2023,2023,f_first
Caty McNally,-0.110927132977565,f_first_2023,2023,f_first
Coco Gauff,0.0637215248918687,f_first_2023,2023,f_first
Cristina Bucsa,-0.00519625531402533,f_first_2023,2023,f_first
Dalma Galfi,-0.0683968225118276,f_first_2023,2023,f_first
Danielle Collins,0.0863909973887288,f_first_2023,2023,f_first
Daria Kasatkina,0.0331201984954509,f_first_2023,2023,f_first
Daria Saville,-0.00662716467455329,f_first_2023,2023,f_first
Diane Parry,-0.143700913265372,f_first_2023,2023,f_first
Donna Vekic,-0.0518832005381669,f_first_2023,2023,f_first
Ekaterina Alexandrova,0.0294245764505857,f_first_2023,2023,f_first
Elena Rybakina,0.106125441025148,f_first_2023,2023,f_first
Elina Svitolina,0.0395416944817162,f_first_2023,2023,f_first
Elisabetta Cocciaretto,-0.0971172232450013,f_first_2023,2023,f_first
Elise Mertens,0.0642062058320543,f_first_2023,2023,f_first
Harriet Dart,-0.0384367545175731,f_first_2023,2023,f_first
Heather Watson,-0.0468335052622833,f_first_2023,2023,f_first
Iga Swiatek,0.0182940782673353,f_first_2023,2023,f_first
Jasmine Paolini,0.113177607983588,f_first_2023,2023,f_first
Jessica Pegula,-0.143897951990041,f_first_2023,2023,f_first
Jodie Burrage,-0.192491002637983,f_first_2023,2023,f_first
Jule Niemeier,0.0477805347407871,f_first_2023,2023,f_first
Kaia Kanepi,0.0832565794179573,f_first_2023,2023,f_first
Karolina Muchova,-0.00094633601388708,f_first_2023,2023,f_first
Katie Boulter,-0.118487476153374,f_first_2023,2023,f_first
Katie Volynets,-0.137259605543302,f_first_2023,2023,f_first
Lauren Davis,0.185382095425143,f_first_2023,2023,f_first
Lesia Tsurenko,-0.00686086149441932,f_first_2023,2023,f_first
Lin Zhu,-0.0231930910259128,f_first_2023,2023,f_first
Madison Keys,0.0115592745099938,f_first_2023,2023,f_first
Magdalena Frech,0.0164069466645891,f_first_2023,2023,f_first
Maria Sakkari,-0.102973595024336,f_first_2023,2023,f_first
Marie Bouzkova,0.129711677177897,f_first_2023,2023,f_first
Marketa Vondrousova,-0.199100768270096,f_first_2023,2023,f_first
Marta Kostyuk,-0.0418592833506397,f_first_2023,2023,f_first
Mirra Andreeva,0.0563980460003018,f_first_2023,2023,f_first
Ons Jabeur,0.00211852444630645,f_first_2023,2023,f_first
Petra Kvitova,0.00897178643766713,f_first_2023,2023,f_first
Petra Martic,-0.0320351679342322,f_first_2023,2023,f_first
Sara Sorribes Tormo,-0.0501306257363636,f_first_2023,2023,f_first
Shelby Rogers,0.0464999324504998,f_first_2023,2023,f_first
Sloane Stephens,0.0513817328943776,f_first_2023,2023,f_first
Sofia Kenin,0.00298368061132618,f_first_2023,2023,f_first
Sorana Cirstea,-0.102333139951518,f_first_2023,2023,f_first
Varvara Gracheva,-0.00922169663742888,f_first_2023,2023,f_first
Veronika Kudermetova,0.114902997388069,f_first_2023,2023,f_first
Victoria Azarenka,-0.0241117903220995,f_first_2023,2023,f_first
Viktorija Golubic,0.140792387069447,f_first_2023,2023,f_first
Viktoriya Tomova,0.0126105178352708,f_first_2023,2023,f_first
Yulia Putintseva,0.0977840456582476,f_first_2023,2023,f_first
Ajla Tomljanovic,0.0256383954528051,f_first_2024,2024,f_first
Anastasia Pavlyuchenkova,-0.0283471406173872,f_first_2024,2024,f_first
Anna Kalinskaya,0.00464382042915251,f_first_2024,2024,f_first
Arantxa Rus,0.054528001760254,f_first_2024,2024,f_first
Ashlyn Krueger,-0.112622842378668,f_first_2024,2024,f_first
Barbora Krejcikova,0.049092918505698,f_first_2024,2024,f_first
Beatriz Haddad Maia,-0.000288742683923231,f_first_2024,2024,f_first
Bernarda Pera,-0.0478537566328275,f_first_2024,2024,f_first
Bianca Andreescu,0.10253034554926,f_first_2024,2024,f_first
Brenda Fruhvirtova,-0.0479540944966646,f_first_2024,2024,f_first
Caroline Dolehide,-0.102787464377816,f_first_2024,2024,f_first
Caroline Wozniacki,-0.0402855379832724,f_first_2024,2024,f_first
Coco Gauff,0.0472807313794555,f_first_2024,2024,f_first
Dalma Galfi,-0.0990903479494671,f_first_2024,2024,f_first
Danielle Collins,-0.0958884438669198,f_first_2024,2024,f_first
Daria Kasatkina,0.0636843474503574,f_first_2024,2024,f_first
Dayana Yastremska,-0.0449614142526721,f_first_2024,2024,f_first
Diana Shnaider,-0.00082054410813602,f_first_2024,2024,f_first
Diane Parry,-0.0152320920300788,f_first_2024,2024,f_first
Donna Vekic,0.0942803230549796,f_first_2024,2024,f_first
Elena Rybakina,0.00627396406912595,f_first_2024,2024,f_first
Elina Avanesyan,-0.051976488511919,f_first_2024,2024,f_first
Elina Svitolina,-0.0236589182601793,f_first_2024,2024,f_first
Elise Mertens,-0.0395414567739007,f_first_2024,2024,f_first
Emma Navarro,-0.0170282223995259,f_first_2024,2024,f_first
Emma Raducanu,-0.0662424669685631,f_first_2024,2024,f_first
Greet Minnen,-0.00415484413996416,f_first_2024,2024,f_first
Harriet Dart,0.142835334874569,f_first_2024,2024,f_first
Iga Swiatek,0.0522018704123253,f_first_2024,2024,f_first
Jaqueline Cristian,0.00968899533805802,f_first_2024,2024,f_first
Jasmine Paolini,-0.140148722794226,f_first_2024,2024,f_first
Jelena Ostapenko,-0.0283971037773272,f_first_2024,2024,f_first
Jessica Bouzas Maneiro,0.0625069391526704,f_first_2024,2024,f_first
Jessica Pegula,0.0439082934321438,f_first_2024,2024,f_first
Katie Boulter,-0.0269810108780336,f_first_2024,2024,f_first
Laura Siegemund,0.0701008109073975,f_first_2024,2024,f_first
Lin Zhu,-0.0390924463256206,f_first_2024,2024,f_first
Linda Noskova,0.0227755364850924,f_first_2024,2024,f_first
Liudmila Samsonova,0.041722164557166,f_first_2024,2024,f_first
Lulu Sun,0.0516909198851447,f_first_2024,2024,f_first
Madison Keys,-0.0228135336829194,f_first_2024,2024,f_first
Maria Sakkari,0.0524501187268094,f_first_2024,2024,f_first
Marketa Vondrousova,-0.0504960766237467,f_first_2024,2024,f_first
Martina Trevisan,-0.00367445493256853,f_first_2024,2024,f_first
McCartney Kessler,-0.02784376110072,f_first_2024,2024,f_first
Mirra Andreeva,0.0226867213682236,f_first_2024,2024,f_first
Naomi Osaka,-0.0151487672129292,f_first_2024,2024,f_first
Ons Jabeur,0.103978501592087,f_first_2024,2024,f_first
Paula Badosa,-0.144664972875717,f_first_2024,2024,f_first
Petra Martic,0.0511494331652477,f_first_2024,2024,f_first
Qinwen Zheng,0.0585595292897046,f_first_2024,2024,f_first
Renata Zarazua,0.0922907095356484,f_first_2024,2024,f_first
Robin Montgomery,-0.0330208161170828,f_first_2024,2024,f_first
Sara Sorribes Tormo,-0.00169654664076881,f_first_2024,2024,f_first
Sofia Kenin,0.0150785258614881,f_first_2024,2024,f_first
Tatjana Maria,0.0216970214814992,f_first_2024,2024,f_first
Yafan Wang,-0.0283112014910354,f_first_2024,2024,f_first
Yulia Putintseva,0.0150793461387942,f_first_2024,2024,f_first
Ajla Tomljanovic,0.0419812595846249,f_second_2021,2021,f_second
Aliaksandra Sasnovich,0.101955451222476,f_second_2021,2021,f_second
Alison Van Uytvanck,-0.018110875739381,f_second_2021,2021,f_second
Alize Cornet,0.15545911437449,f_second_2021,2021,f_second
Anastasia Pavlyuchenkova,-0.0113122825517794,f_second_2021,2021,f_second
Anastasija Sevastova,-0.000193859171673777,f_second_2021,2021,f_second
Andrea Petkovic,0.0223411355120124,f_second_2021,2021,f_second
Angelique Kerber,0.147932202131733,f_second_2021,2021,f_second
Anna Blinkova,0.0243340261004661,f_second_2021,2021,f_second
Aryna Sabalenka,-0.0153301857710828,f_second_2021,2021,f_second
Ashleigh Barty,-0.130451046680215,f_second_2021,2021,f_second
Barbora Krejcikova,0.160134640299804,f_second_2021,2021,f_second
Belinda Bencic,-0.00647096356224443,f_second_2021,2021,f_second
Bianca Andreescu,-0.127436054654018,f_second_2021,2021,f_second
Camila Giorgi,0.050025530831317,f_second_2021,2021,f_second
Clara Tauson,-0.135019311997333,f_second_2021,2021,f_second
Coco Gauff,0.140990020173999,f_second_2021,2021,f_second
Daria Kasatkina,-0.0526477876513308,f_second_2021,2021,f_second
Elena Rybakina,-0.149232409588921,f_second_2021,2021,f_second
Elina Svitolina,-0.198384228953226,f_second_2021,2021,f_second
Elise Mertens,0.0174430017102015,f_second_2021,2021,f_second
Emma Raducanu,-0.0252513554025645,f_second_2021,2021,f_second
Fiona Ferro,-0.338124281384018,f_second_2021,2021,f_second
Garbine Muguruza,0.0306072009891747,f_second_2021,2021,f_second
Harriet Dart,-0.0103712482354177,f_second_2021,2021,f_second
Iga Swiatek,-0.0749799314768532,f_second_2021,2021,f_second
Jelena Ostapenko,-0.0309609082341594,f_second_2021,2021,f_second
Kaja Juvan,-0.191755484275494,f_second_2021,2021,f_second
Karolina Muchova,-0.0536247376813485,f_second_2021,2021,f_second
Katerina Siniakova,0.00618558186829721,f_second_2021,2021,f_second
Kateryna Kozlova,-0.131163690922766,f_second_2021,2021,f_second
Katie Boulter,0.191949063288156,f_second_2021,2021,f_second
Liudmila Samsonova,-0.00171395761739496,f_second_2021,2021,f_second
Madison Brengle,0.0431122739775044,f_second_2021,2021,f_second
Madison Keys,0.0500553373477327,f_second_2021,2021,f_second
Magda Linette,0.19561910566678,f_second_2021,2021,f_second
Marketa Vondrousova,0.0345641656954464,f_second_2021,2021,f_second
Nina Stojanovic,0.189290114674146,f_second_2021,2021,f_second
Ons Jabeur,-0.0790089635973377,f_second_2021,2021,f_second
Paula Badosa,0.0650700167173753,f_second_2021,2021,f_second
Petra Kvitova,0.0206420705298191,f_second_2021,2021,f_second
Sara Sorribes Tormo,0.218148364733783,f_second_2021,2021,f_second
Shelby Rogers,0.0759050607060128,f_second_2021,2021,f_second
Sloane Stephens,-0.0772249157336745,f_second_2021,2021,f_second
Sofia Kenin,-0.0912883081128438,f_second_2021,2021,f_second
Sorana Cirstea,-0.181835259374791,f_second_2021,2021,f_second
Venus Williams,0.017916399391226,f_second_2021,2021,f_second
Vera Zvonareva,-0.0519268332024142,f_second_2021,2021,f_second
Victoria Azarenka,0.0660621688469362,f_second_2021,2021,f_second
Viktorija Golubic,0.118450751205735,f_second_2021,2021,f_second
Ajla Tomljanovic,0,f_second_2022,2022,f_second
Alison Van Uytvanck,0,f_second_2022,2022,f_second
Alize Cornet,0,f_second_2022,2022,f_second
Amanda Anisimova,0,f_second_2022,2022,f_second
Anett Kontaveit,0,f_second_2022,2022,f_second
Angelique Kerber,0,f_second_2022,2022,f_second
Anhelina Kalinina,0,f_second_2022,2022,f_second
Barbora Krejcikova,0,f_second_2022,2022,f_second
Beatriz Haddad Maia,0,f_second_2022,2022,f_second
Belinda Bencic,0,f_second_2022,2022,f_second
Bernarda Pera,0,f_second_2022,2022,f_second
Bianca Andreescu,0,f_second_2022,2022,f_second
Caroline Garcia,0,f_second_2022,2022,f_second
Clara Burel,0,f_second_2022,2022,f_second
Coco Gauff,0,f_second_2022,2022,f_second
Danielle Collins,0,f_second_2022,2022,f_second
Diane Parry,0,f_second_2022,2022,f_second
Elena Rybakina,0,f_second_2022,2022,f_second
Elise Mertens,0,f_second_2022,2022,f_second
Emma Raducanu,0,f_second_2022,2022,f_second
Garbine Muguruza,0,f_second_2022,2022,f_second
Greet Minnen,0,f_second_2022,2022,f_second
Harmony Tan,0,f_second_2022,2022,f_second
Harriet Dart,0,f_second_2022,2022,f_second
Heather Watson,0,f_second_2022,2022,f_second
Iga Swiatek,0,f_second_2022,2022,f_second
Jasmine Paolini,0,f_second_2022,2022,f_second
Jelena Ostapenko,0,f_second_2022,2022,f_second
Jessica Pegula,0,f_second_2022,2022,f_second
Jule Niemeier,0,f_second_2022,2022,f_second
Kaja Juvan,0,f_second_2022,2022,f_second
Katie Boulter,0,f_second_2022,2022,f_second
Lauren Davis,0,f_second_2022,2022,f_second
Lesia Tsurenko,0,f_second_2022,2022,f_second
Magda Linette,0,f_second_2022,2022,f_second
Magdalena Frech,0,f_second_2022,2022,f_second
Maria Sakkari,0,f_second_2022,2022,f_second
Marie Bouzkova,0,f_second_2022,2022,f_second
Ons Jabeur,0,f_second_2022,2022,f_second
Paula Badosa,0,f_second_2022,2022,f_second
Petra Kvitova,0,f_second_2022,2022,f_second
Petra Martic,0,f_second_2022,2022,f_second
Qiang Wang,0,f_second_2022,2022,f_second
Qinwen Zheng,0,f_second_2022,2022,f_second
Shuai Zhang,0,f_second_2022,2022,f_second
Simona Halep,0,f_second_2022,2022,f_second
Sorana Cirstea,0,f_second_2022,2022,f_second
Tatjana Maria,0,f_second_2022,2022,f_second
Viktorija Golubic,0,f_second_2022,2022,f_second
Viktoriya Tomova,0,f_second_2022,2022,f_second
Aliaksandra Sasnovich,-1.47474426277506e-13,f_second_2023,2023,f_second
Alize Cornet,1.70553562478716e-13,f_second_2023,2023,f_second
Anastasia Potapova,-4.29007436710088e-14,f_second_2023,2023,f_second
Anett Kontaveit,-5.94957510609329e-14,f_second_2023,2023,f_second
Anna Blinkova,-8.53478183553572e-15,f_second_2023,2023,f_second
Aryna Sabalenka,-1.62381270805537e-13,f_second_2023,2023,f_second
Barbora Krejcikova,1.45231548334171e-13,f_second_2023,2023,f_second
Beatriz Haddad Maia,-1.4847276896577e-14,f_second_2023,2023,f_second
Belinda Bencic,1.52569572714158e-13,f_second_2023,2023,f_second
Bianca Andreescu,9.80005532131261e-14,f_second_2023,2023,f_second
Caroline Dolehide,9.25988648615966e-14,f_second_2023,2023,f_second
Caroline Garcia,1.32943796733245e-13,f_second_2023,2023,f_second
Caty McNally,5.21539422331811e-15,f_second_2023,2023,f_second
Coco Gauff,2.4665256497248e-14,f_second_2023,2023,f_second
Cristina Bucsa,1.96635027910863e-14,f_second_2023,2023,f_second
Dalma Galfi,-5.0908803602664e-14,f_second_2023,2023,f_second
Danielle Collins,-1.65781888388533e-15,f_second_2023,2023,f_second
Daria Kasatkina,6.66847067331068e-14,f_second_2023,2023,f_second
Daria Saville,-5.70925426364102e-14,f_second_2023,2023,f_second
Diane Parry,2.82748826104351e-14,f_second_2023,2023,f_second
Donna Vekic,5.9900122998715e-14,f_second_2023,2023,f_second
Ekaterina Alexandrova,1.07582272786551e-13,f_second_2023,2023,f_second
Elena Rybakina,-1.31157996381818e-13,f_second_2023,2023,f_second
Elina Svitolina,-4.10670421841099e-14,f_second_2023,2023,f_second
Elisabetta Cocciaretto,-1.66856101609596e-13,f_second_2023,2023,f_second
Elise Mertens,-6.40986078494553e-14,f_second_2023,2023,f_second
Harriet Dart,-1.38274363534089e-13,f_second_2023,2023,f_second
Heather Watson,1.65915911700938e-14,f_second_2023,2023,f_second
Iga Swiatek,7.78482244957325e-14,f_second_2023,2023,f_second
Jasmine Paolini,1.29748062115194e-13,f_second_2023,2023,f_second
Jessica Pegula,2.5887557789419e-13,f_second_2023,2023,f_second
Jodie Burrage,1.66560824183304e-14,f_second_2023,2023,f_second
Jule Niemeier,6.37039591749661e-14,f_second_2023,2023,f_second
Kaia Kanepi,5.19554282299885e-15,f_second_2023,2023,f_second
Karolina Muchova,-1.64070192564802e-13,f_second_2023,2023,f_second
Katie Boulter,3.45081550401687e-15,f_second_2023,2023,f_second
Katie Volynets,1.88252610546738e-13,f_second_2023,2023,f_second
Lauren Davis,5.28384588845967e-14,f_second_2023,2023,f_second
Lesia Tsurenko,-2.73426946330659e-14,f_second_2023,2023,f_second
Lin Zhu,-3.25997333149869e-14,f_second_2023,2023,f_second
Madison Keys,-2.7172830594244e-13,f_second_2023,2023,f_second
Magdalena Frech,4.9535552459731e-14,f_second_2023,2023,f_second
Maria Sakkari,5.6867940111152e-14,f_second_2023,2023,f_second
Marie Bouzkova,3.53865455692973e-13,f_second_2023,2023,f_second
Marketa Vondrousova,-2.086717148287e-13,f_second_2023,2023,f_second
Marta Kostyuk,-1.69158650964291e-13,f_second_2023,2023,f_second
Mirra Andreeva,-4.6405022623729e-14,f_second_2023,2023,f_second
Ons Jabeur,3.25727698112247e-14,f_second_2023,2023,f_second
Petra Kvitova,-1.81369362970738e-13,f_second_2023,2023,f_second
Petra Martic,-7.27632900498452e-14,f_second_2023,2023,f_second
Sara Sorribes Tormo,-1.19779592729258e-13,f_second_2023,2023,f_second
Shelby Rogers,-5.5851580249845e-14,f_second_2023,2023,f_second
Sloane Stephens,-7.22376136266377e-14,f_second_2023,2023,f_second
Sofia Kenin,1.165313445761e-13,f_second_2023,2023,f_second
Sorana Cirstea,-1.95360494114163e-13,f_second_2023,2023,f_second
Varvara Gracheva,2.10195687094367e-13,f_second_2023,2023,f_second
Veronika Kudermetova,-1.99601362013646e-14,f_second_2023,2023,f_second
Victoria Azarenka,1.77098776711457e-13,f_second_2023,2023,f_second
Viktorija Golubic,-6.05189579878907e-14,f_second_2023,2023,f_second
Viktoriya Tomova,1.81336110007596e-14,f_second_2023,2023,f_second
Yulia Putintseva,-1.47281228772979e-13,f_second_2023,2023,f_second
Ajla Tomljanovic,0,f_second_2024,2024,f_second
Anastasia Pavlyuchenkova,0,f_second_2024,2024,f_second
Anna Kalinskaya,0,f_second_2024,2024,f_second
Arantxa Rus,0,f_second_2024,2024,f_second
Ashlyn Krueger,0,f_second_2024,2024,f_second
Barbora Krejcikova,0,f_second_2024,2024,f_second
Beatriz Haddad Maia,0,f_second_2024,2024,f_second
Bernarda Pera,0,f_second_2024,2024,f_second
Bianca Andreescu,0,f_second_2024,2024,f_second
Brenda Fruhvirtova,0,f_second_2024,2024,f_second
Caroline Dolehide,0,f_second_2024,2024,f_second
Caroline Wozniacki,0,f_second_2024,2024,f_second
Coco Gauff,0,f_second_2024,2024,f_second
Dalma Galfi,0,f_second_2024,2024,f_second
Danielle Collins,0,f_second_2024,2024,f_second
Daria Kasatkina,0,f_second_2024,2024,f_second
Dayana Yastremska,0,f_second_2024,2024,f_second
Diana Shnaider,0,f_second_2024,2024,f_second
Diane Parry,0,f_second_2024,2024,f_second
Donna Vekic,0,f_second_2024,2024,f_second
Elena Rybakina,0,f_second_2024,2024,f_second
Elina Avanesyan,0,f_second_2024,2024,f_second
Elina Svitolina,0,f_second_2024,2024,f_second
Elise Mertens,0,f_second_2024,2024,f_second
Emma Navarro,0,f_second_2024,2024,f_second
Emma Raducanu,0,f_second_2024,2024,f_second
Greet Minnen,0,f_second_2024,2024,f_second
Harriet Dart,0,f_second_2024,2024,f_second
Iga Swiatek,0,f_second_2024,2024,f_second
Jaqueline Cristian,0,f_second_2024,2024,f_second
Jasmine Paolini,0,f_second_2024,2024,f_second
Jelena Ostapenko,0,f_second_2024,2024,f_second
Jessica Bouzas Maneiro,0,f_second_2024,2024,f_second
Jessica Pegula,0,f_second_2024,2024,f_second
Katie Boulter,0,f_second_2024,2024,f_second
Laura Siegemund,0,f_second_2024,2024,f_second
Lin Zhu,0,f_second_2024,2024,f_second
Linda Noskova,0,f_second_2024,2024,f_second
Liudmila Samsonova,0,f_second_2024,2024,f_second
Lulu Sun,0,f_second_2024,2024,f_second
Madison Keys,0,f_second_2024,2024,f_second
Maria Sakkari,0,f_second_2024,2024,f_second
Marketa Vondrousova,0,f_second_2024,2024,f_second
Martina Trevisan,0,f_second_2024,2024,f_second
McCartney Kessler,0,f_second_2024,2024,f_second
Mirra Andreeva,0,f_second_2024,2024,f_second
Naomi Osaka,0,f_second_2024,2024,f_second
Ons Jabeur,0,f_second_2024,2024,f_second
Paula Badosa,0,f_second_2024,2024,f_second
Petra Martic,0,f_second_2024,2024,f_second
Qinwen Zheng,0,f_second_2024,2024,f_second
Renata Zarazua,0,f_second_2024,2024,f_second
Robin Montgomery,0,f_second_2024,2024,f_second
Sara Sorribes Tormo,0,f_second_2024,2024,f_second
Sofia Kenin,0,f_second_2024,2024,f_second
Tatjana Maria,0,f_second_2024,2024,f_second
Yafan Wang,0,f_second_2024,2024,f_second
Yulia Putintseva,0,f_second_2024,2024,f_second
