server_name,random_intercept,group,model,rank,label
Adrian Mannarino,-0.071182928,m_first,Speed_MPH_z,115,Average
Alejandro Davidovich Fokina,0.036268426,m_first,Speed_MPH_z,32,Average
Alejandro Tabilo,0.035708161,m_first,Speed_MPH_z,33,Average
Aleksandar Kovacevic,0.005703909,m_first,Speed_MPH_z,56,Average
Aleksandar Vukic,-0.0552608,m_first,Speed_MPH_z,107,Average
Alex de Minaur,-0.009468162,m_first,Speed_MPH_z,68,Average
Alex De Minaur,-0.009045561,m_first,Speed_MPH_z,67,Average
Alex Molcan,0.003734121,m_first,Speed_MPH_z,58,Average
Alexander Bublik,0.09031389,m_first,Speed_MPH_z,10,Over-performer
Alexander Zverev,0.187851506,m_first,Speed_MPH_z,1,Over-performer
Alexandre Muller,0.021548292,m_first,Speed_MPH_z,43,Average
Alexei Popyrin,0.023064285,m_first,Speed_MPH_z,42,Average
Aljaz Bedene,-0.001734505,m_first,Speed_MPH_z,62,Average
Andrey Rublev,-0.027653587,m_first,Speed_MPH_z,87,Average
Andy Murray,0.090204366,m_first,Speed_MPH_z,11,Average
Arthur Fils,-0.151172736,m_first,Speed_MPH_z,127,Under-performer
Arthur Rinderknech,0.104845482,m_first,Speed_MPH_z,9,Over-performer
Aslan Karatsev,-0.038064487,m_first,Speed_MPH_z,98,Average
Ben Shelton,0.062041141,m_first,Speed_MPH_z,15,Average
Benoit Paire,-0.080850274,m_first,Speed_MPH_z,117,Average
Borna Coric,-0.080718928,m_first,Speed_MPH_z,116,Average
Botic van De Zandschulp,0.010664345,m_first,Speed_MPH_z,50,Average
Botic Van De Zandschulp,0.059828743,m_first,Speed_MPH_z,16,Average
Brandon Nakashima,0.115764895,m_first,Speed_MPH_z,8,Over-performer
Cameron Norrie,0.004793809,m_first,Speed_MPH_z,57,Average
Carlos Alcaraz,-0.110717865,m_first,Speed_MPH_z,123,Under-performer
Casper Ruud,0.020926026,m_first,Speed_MPH_z,44,Average
Christopher Eubanks,-0.143211401,m_first,Speed_MPH_z,126,Under-performer
Cristian Garin,-0.02068154,m_first,Speed_MPH_z,78,Average
Daniel Evans,0.058214585,m_first,Speed_MPH_z,17,Average
Daniil Medvedev,-0.032921846,m_first,Speed_MPH_z,94,Average
David Goffin,0.036532481,m_first,Speed_MPH_z,31,Average
Denis Kudla,-0.015399938,m_first,Speed_MPH_z,74,Average
Denis Shapovalov,0.007580891,m_first,Speed_MPH_z,55,Average
Diego Schwartzman,0.044492752,m_first,Speed_MPH_z,23,Average
Dominic Stricker,0.044922242,m_first,Speed_MPH_z,22,Average
Dominic Thiem,0.030177483,m_first,Speed_MPH_z,37,Average
Dominik Koepfer,-0.03575049,m_first,Speed_MPH_z,97,Average
Dusan Lajovic,-0.030217048,m_first,Speed_MPH_z,92,Average
Elias Ymer,-0.03106648,m_first,Speed_MPH_z,93,Average
Emil Ruusuvuori,0.050316652,m_first,Speed_MPH_z,21,Average
Fabian Marozsan,-0.065053138,m_first,Speed_MPH_z,109,Average
Fabio Fognini,-0.024268387,m_first,Speed_MPH_z,80,Average
Facundo Diaz Acosta,-0.096269266,m_first,Speed_MPH_z,120,Under-performer
Federico Delbonis,-0.0255558,m_first,Speed_MPH_z,84,Average
Feliciano Lopez,0.008341318,m_first,Speed_MPH_z,54,Average
Frances Tiafoe,0.031824647,m_first,Speed_MPH_z,35,Average
Francisco Cerundolo,0.042899247,m_first,Speed_MPH_z,26,Average
Gael Monfils,0.035477501,m_first,Speed_MPH_z,34,Average
Gijs Brouwer,0.05657541,m_first,Speed_MPH_z,18,Average
Grigor Dimitrov,0.186067437,m_first,Speed_MPH_z,2,Over-performer
Guido Pella,0.039200294,m_first,Speed_MPH_z,28,Average
Holger Rune,0.008901474,m_first,Speed_MPH_z,52,Average
Hubert Hurkacz,0.04404052,m_first,Speed_MPH_z,24,Average
Hugo Dellien,-0.095249773,m_first,Speed_MPH_z,119,Under-performer
Ilya Ivashka,-0.047743443,m_first,Speed_MPH_z,103,Average
Jack Draper,0.062989995,m_first,Speed_MPH_z,14,Average
Jack Sock,-0.046639686,m_first,Speed_MPH_z,102,Average
James Duckworth,-0.040360055,m_first,Speed_MPH_z,99,Average
Jannik Sinner,0.019008302,m_first,Speed_MPH_z,45,Average
Jason Kubler,-0.027938352,m_first,Speed_MPH_z,88,Average
Jaume Munar,-0.062427983,m_first,Speed_MPH_z,108,Average
Jenson Brooksby,-0.029889769,m_first,Speed_MPH_z,91,Average
Jiri Lehecka,0.02615226,m_first,Speed_MPH_z,40,Average
Jiri Vesely,-0.049249491,m_first,Speed_MPH_z,104,Average
John Isner,0.083476008,m_first,Speed_MPH_z,12,Average
John Millman,-0.003660255,m_first,Speed_MPH_z,63,Average
Jordan Thompson,0.052518976,m_first,Speed_MPH_z,20,Average
Juncheng Shang,0.031277151,m_first,Speed_MPH_z,36,Average
Karen Khachanov,-0.097649516,m_first,Speed_MPH_z,121,Under-performer
Kei Nishikori,-0.055025791,m_first,Speed_MPH_z,106,Average
Kevin Anderson,-0.015625838,m_first,Speed_MPH_z,75,Average
Laslo Djere,0.152356311,m_first,Speed_MPH_z,3,Over-performer
Liam Broady,-0.026166802,m_first,Speed_MPH_z,86,Average
Lloyd Harris,-0.069086381,m_first,Speed_MPH_z,113,Average
Lorenzo Musetti,-0.007040031,m_first,Speed_MPH_z,64,Average
Lorenzo Sonego,-0.001602008,m_first,Speed_MPH_z,61,Average
Lucas Pouille,-0.040851791,m_first,Speed_MPH_z,100,Average
Marco Cecchinato,-0.025669602,m_first,Speed_MPH_z,85,Average
Marcos Giron,-0.007103652,m_first,Speed_MPH_z,65,Average
Marin Cilic,-0.019208651,m_first,Speed_MPH_z,76,Average
Marton Fucsovics,-0.021234086,m_first,Speed_MPH_z,79,Average
Matteo Berrettini,0.042709351,m_first,Speed_MPH_z,27,Average
Mattia Bellucci,0.073096609,m_first,Speed_MPH_z,13,Average
Max Purcell,0.018247951,m_first,Speed_MPH_z,47,Average
Maxime Cressy,-0.011964014,m_first,Speed_MPH_z,70,Average
Maximilian Marterer,-0.068421641,m_first,Speed_MPH_z,112,Average
Mikael Ymer,-0.066895669,m_first,Speed_MPH_z,111,Average
Miomir Kecmanovic,-0.007947536,m_first,Speed_MPH_z,66,Average
Nick Kyrgios,-0.088678868,m_first,Speed_MPH_z,118,Under-performer
Nicolas Jarry,-0.015144297,m_first,Speed_MPH_z,73,Average
Nikoloz Basilashvili,-0.024604907,m_first,Speed_MPH_z,82,Average
Novak Djokovic,0.0380562,m_first,Speed_MPH_z,29,Average
Oscar Otte,-0.066152524,m_first,Speed_MPH_z,110,Average
Pablo Andujar,0.043993987,m_first,Speed_MPH_z,25,Average
Pedro Cachin,0.027501843,m_first,Speed_MPH_z,38,Average
Pedro Martinez,-0.00124234,m_first,Speed_MPH_z,60,Average
Philipp Kohlschreiber,0.143174548,m_first,Speed_MPH_z,4,Over-performer
Quentin Halys,0.037431981,m_first,Speed_MPH_z,30,Average
Radu Albot,-0.011010828,m_first,Speed_MPH_z,69,Average
Rafael Nadal,-0.044540088,m_first,Speed_MPH_z,101,Average
Ricardas Berankis,0.055106913,m_first,Speed_MPH_z,19,Average
Richard Gasquet,-0.035679022,m_first,Speed_MPH_z,96,Average
Roberto Bautista Agut,-0.142280134,m_first,Speed_MPH_z,125,Under-performer
Roberto Carballes Baena,-0.112648415,m_first,Speed_MPH_z,124,Under-performer
Roger Federer,0.015441341,m_first,Speed_MPH_z,48,Average
Roman Safiullin,-0.104091471,m_first,Speed_MPH_z,122,Under-performer
Salvatore Caruso,-0.050283339,m_first,Speed_MPH_z,105,Average
Sam Querrey,0.018347831,m_first,Speed_MPH_z,46,Average
Sebastian Korda,-0.028924615,m_first,Speed_MPH_z,90,Average
Stan Wawrinka,-0.019717357,m_first,Speed_MPH_z,77,Average
Stefan Kozlov,-0.070241922,m_first,Speed_MPH_z,114,Average
Stefanos Tsitsipas,0.139691262,m_first,Speed_MPH_z,5,Over-performer
Steve Johnson,0.012651466,m_first,Speed_MPH_z,49,Average
Tallon Griekspoor,0.009831469,m_first,Speed_MPH_z,51,Average
Taro Daniel,-0.033891861,m_first,Speed_MPH_z,95,Average
Taylor Fritz,-0.028450955,m_first,Speed_MPH_z,89,Average
Tennys Sandgren,-0.013525676,m_first,Speed_MPH_z,71,Average
Thanasi Kokkinakis,-0.00048129,m_first,Speed_MPH_z,59,Average
Thiago Seyboth Wild,-0.024601728,m_first,Speed_MPH_z,81,Average
Tim Van Rijthoven,-0.025066293,m_first,Speed_MPH_z,83,Average
Tommy Paul,0.117822425,m_first,Speed_MPH_z,7,Over-performer
Ugo Humbert,0.026833104,m_first,Speed_MPH_z,39,Average
Yannick Hanfmann,0.02420635,m_first,Speed_MPH_z,41,Average
Yibing Wu,-0.015001341,m_first,Speed_MPH_z,72,Average
Yoshihito Nishioka,0.117925166,m_first,Speed_MPH_z,6,Over-performer
Yosuke Watanuki,0.008586751,m_first,Speed_MPH_z,53,Average
Adrian Mannarino,-0.232235069,m_first,speed_ratio_z,125,Under-performer
Alejandro Davidovich Fokina,0.029733055,m_first,speed_ratio_z,54,Average
Alejandro Tabilo,0.053163412,m_first,speed_ratio_z,39,Average
Aleksandar Kovacevic,0.02815689,m_first,speed_ratio_z,57,Average
Aleksandar Vukic,-0.116089089,m_first,speed_ratio_z,105,Average
Alex de Minaur,0.009974088,m_first,speed_ratio_z,61,Average
Alex De Minaur,0.032243884,m_first,speed_ratio_z,52,Average
Alex Molcan,-0.020259012,m_first,speed_ratio_z,73,Average
Alexander Bublik,0.267955636,m_first,speed_ratio_z,4,Over-performer
Alexander Zverev,0.440301748,m_first,speed_ratio_z,1,Over-performer
Alexandre Muller,-0.028060583,m_first,speed_ratio_z,74,Average
Alexei Popyrin,0.057314939,m_first,speed_ratio_z,37,Average
Aljaz Bedene,-0.017064729,m_first,speed_ratio_z,70,Average
Andrey Rublev,0.032061083,m_first,speed_ratio_z,53,Average
Andy Murray,0.125320315,m_first,speed_ratio_z,16,Average
Arthur Fils,-0.270262094,m_first,speed_ratio_z,126,Under-performer
Arthur Rinderknech,0.24702435,m_first,speed_ratio_z,7,Over-performer
Aslan Karatsev,-0.053071483,m_first,speed_ratio_z,83,Average
Ben Shelton,0.112803891,m_first,speed_ratio_z,18,Average
Benoit Paire,-0.175774591,m_first,speed_ratio_z,119,Under-performer
Borna Coric,-0.148967563,m_first,speed_ratio_z,117,Average
Botic van De Zandschulp,0.053991713,m_first,speed_ratio_z,38,Average
Botic Van De Zandschulp,0.1581433,m_first,speed_ratio_z,12,Average
Brandon Nakashima,0.178651508,m_first,speed_ratio_z,10,Over-performer
Cameron Norrie,-0.077196304,m_first,speed_ratio_z,88,Average
Carlos Alcaraz,-0.082716076,m_first,speed_ratio_z,95,Average
Casper Ruud,0.008062635,m_first,speed_ratio_z,63,Average
Christopher Eubanks,-0.175143941,m_first,speed_ratio_z,118,Under-performer
Cristian Garin,-0.041752878,m_first,speed_ratio_z,80,Average
Daniel Evans,0.046980807,m_first,speed_ratio_z,44,Average
Daniil Medvedev,0.000718753,m_first,speed_ratio_z,66,Average
David Goffin,-0.051668173,m_first,speed_ratio_z,82,Average
Denis Kudla,-0.018222515,m_first,speed_ratio_z,72,Average
Denis Shapovalov,0.032684012,m_first,speed_ratio_z,51,Average
Diego Schwartzman,-0.137846534,m_first,speed_ratio_z,111,Average
Dominic Stricker,0.091089392,m_first,speed_ratio_z,21,Average
Dominic Thiem,0.076931917,m_first,speed_ratio_z,25,Average
Dominik Koepfer,-0.095993644,m_first,speed_ratio_z,98,Average
Dusan Lajovic,-0.09890697,m_first,speed_ratio_z,101,Average
Elias Ymer,-0.06088993,m_first,speed_ratio_z,84,Average
Emil Ruusuvuori,0.142906524,m_first,speed_ratio_z,13,Average
Fabian Marozsan,-0.142452441,m_first,speed_ratio_z,113,Average
Fabio Fognini,-0.094470835,m_first,speed_ratio_z,97,Average
Facundo Diaz Acosta,-0.226324043,m_first,speed_ratio_z,124,Under-performer
Federico Delbonis,-0.078972372,m_first,speed_ratio_z,91,Average
Feliciano Lopez,0.050499581,m_first,speed_ratio_z,41,Average
Frances Tiafoe,0.123798857,m_first,speed_ratio_z,17,Average
Francisco Cerundolo,0.060701482,m_first,speed_ratio_z,33,Average
Gael Monfils,0.048253354,m_first,speed_ratio_z,43,Average
Gijs Brouwer,0.075255289,m_first,speed_ratio_z,26,Average
Grigor Dimitrov,0.352853226,m_first,speed_ratio_z,2,Over-performer
Guido Pella,0.060129042,m_first,speed_ratio_z,34,Average
Holger Rune,0.044581514,m_first,speed_ratio_z,47,Average
Hubert Hurkacz,0.169535512,m_first,speed_ratio_z,11,Average
Hugo Dellien,-0.205575368,m_first,speed_ratio_z,122,Under-performer
Ilya Ivashka,-0.102441567,m_first,speed_ratio_z,102,Average
Jack Draper,0.137951378,m_first,speed_ratio_z,14,Average
Jack Sock,-0.06509882,m_first,speed_ratio_z,85,Average
James Duckworth,-0.01503946,m_first,speed_ratio_z,69,Average
Jannik Sinner,0.089154353,m_first,speed_ratio_z,22,Average
Jason Kubler,-0.038244553,m_first,speed_ratio_z,79,Average
Jaume Munar,-0.093001493,m_first,speed_ratio_z,96,Average
Jenson Brooksby,-0.145936392,m_first,speed_ratio_z,116,Average
Jiri Lehecka,0.063182082,m_first,speed_ratio_z,31,Average
Jiri Vesely,-0.077331479,m_first,speed_ratio_z,89,Average
John Isner,0.24834824,m_first,speed_ratio_z,6,Over-performer
John Millman,-0.010469301,m_first,speed_ratio_z,67,Average
Jordan Thompson,0.088865869,m_first,speed_ratio_z,23,Average
Juncheng Shang,0.070870473,m_first,speed_ratio_z,27,Average
Karen Khachanov,-0.126107876,m_first,speed_ratio_z,109,Average
Kei Nishikori,-0.183124971,m_first,speed_ratio_z,120,Under-performer
Kevin Anderson,0.002057727,m_first,speed_ratio_z,65,Average
Laslo Djere,0.28191028,m_first,speed_ratio_z,3,Over-performer
Liam Broady,-0.124521053,m_first,speed_ratio_z,107,Average
Lloyd Harris,-0.144756879,m_first,speed_ratio_z,115,Average
Lorenzo Musetti,-0.031285843,m_first,speed_ratio_z,76,Average
Lorenzo Sonego,0.046531142,m_first,speed_ratio_z,45,Average
Lucas Pouille,-0.08033369,m_first,speed_ratio_z,94,Average
Marco Cecchinato,-0.072309654,m_first,speed_ratio_z,86,Average
Marcos Giron,-0.032816534,m_first,speed_ratio_z,77,Average
Marin Cilic,0.008367695,m_first,speed_ratio_z,62,Average
Marton Fucsovics,-0.030423535,m_first,speed_ratio_z,75,Average
Matteo Berrettini,0.20971564,m_first,speed_ratio_z,9,Over-performer
Mattia Bellucci,0.127309449,m_first,speed_ratio_z,15,Average
Max Purcell,0.029227577,m_first,speed_ratio_z,55,Average
Maxime Cressy,0.028029771,m_first,speed_ratio_z,58,Average
Maximilian Marterer,-0.113097956,m_first,speed_ratio_z,104,Average
Mikael Ymer,-0.138883301,m_first,speed_ratio_z,112,Average
Miomir Kecmanovic,-0.017657941,m_first,speed_ratio_z,71,Average
Nick Kyrgios,-0.04469637,m_first,speed_ratio_z,81,Average
Nicolas Jarry,0.057648744,m_first,speed_ratio_z,35,Average
Nikoloz Basilashvili,-0.080096251,m_first,speed_ratio_z,93,Average
Novak Djokovic,0.057625661,m_first,speed_ratio_z,36,Average
Oscar Otte,-0.135222459,m_first,speed_ratio_z,110,Average
Pablo Andujar,0.044587612,m_first,speed_ratio_z,46,Average
Pedro Cachin,0.064098727,m_first,speed_ratio_z,30,Average
Pedro Martinez,-0.106899472,m_first,speed_ratio_z,103,Average
Philipp Kohlschreiber,0.225978734,m_first,speed_ratio_z,8,Over-performer
Quentin Halys,0.1004274,m_first,speed_ratio_z,19,Average
Radu Albot,-0.098578359,m_first,speed_ratio_z,100,Average
Rafael Nadal,-0.125061922,m_first,speed_ratio_z,108,Average
Ricardas Berankis,0.064991067,m_first,speed_ratio_z,28,Average
Richard Gasquet,-0.121744123,m_first,speed_ratio_z,106,Average
Roberto Bautista Agut,-0.337090178,m_first,speed_ratio_z,127,Under-performer
Roberto Carballes Baena,-0.202253146,m_first,speed_ratio_z,121,Under-performer
Roger Federer,-0.012801858,m_first,speed_ratio_z,68,Average
Roman Safiullin,-0.143534322,m_first,speed_ratio_z,114,Average
Salvatore Caruso,-0.096693274,m_first,speed_ratio_z,99,Average
Sam Querrey,0.06411377,m_first,speed_ratio_z,29,Average
Sebastian Korda,-0.079569857,m_first,speed_ratio_z,92,Average
Stan Wawrinka,0.016819067,m_first,speed_ratio_z,60,Average
Stefan Kozlov,-0.222962335,m_first,speed_ratio_z,123,Under-performer
Stefanos Tsitsipas,0.258641221,m_first,speed_ratio_z,5,Over-performer
Steve Johnson,0.042180509,m_first,speed_ratio_z,49,Average
Tallon Griekspoor,0.036746322,m_first,speed_ratio_z,50,Average
Taro Daniel,-0.074978097,m_first,speed_ratio_z,87,Average
Taylor Fritz,0.06140347,m_first,speed_ratio_z,32,Average
Tennys Sandgren,-0.036181705,m_first,speed_ratio_z,78,Average
Thanasi Kokkinakis,0.048441247,m_first,speed_ratio_z,42,Average
Thiago Seyboth Wild,-0.077583731,m_first,speed_ratio_z,90,Average
Tim Van Rijthoven,0.042487595,m_first,speed_ratio_z,48,Average
Tommy Paul,0.092680942,m_first,speed_ratio_z,20,Average
Ugo Humbert,0.024940264,m_first,speed_ratio_z,59,Average
Yannick Hanfmann,0.028509587,m_first,speed_ratio_z,56,Average
Yibing Wu,0.007163411,m_first,speed_ratio_z,64,Average
Yoshihito Nishioka,0.080489726,m_first,speed_ratio_z,24,Average
Yosuke Watanuki,0.051290796,m_first,speed_ratio_z,40,Average
Adrian Mannarino,0.016433115,m_second,Speed_MPH_z,5,Over-performer
Alejandro Davidovich Fokina,0.009175543,m_second,Speed_MPH_z,16,Average
Alejandro Tabilo,0.00093912,m_second,Speed_MPH_z,57,Average
Aleksandar Kovacevic,-0.004184688,m_second,Speed_MPH_z,92,Average
Aleksandar Vukic,-0.001269502,m_second,Speed_MPH_z,72,Average
Alex de Minaur,-0.007415921,m_second,Speed_MPH_z,107,Average
Alex De Minaur,0.007083443,m_second,Speed_MPH_z,23,Average
Alex Molcan,-0.00353008,m_second,Speed_MPH_z,87,Average
Alexander Bublik,-0.001586225,m_second,Speed_MPH_z,75,Average
Alexander Zverev,0.018749812,m_second,Speed_MPH_z,3,Over-performer
Alexandre Muller,0.014619287,m_second,Speed_MPH_z,7,Over-performer
Alexei Popyrin,-0.003867549,m_second,Speed_MPH_z,90,Average
Aljaz Bedene,0.007199494,m_second,Speed_MPH_z,22,Average
Andrey Rublev,-0.013751464,m_second,Speed_MPH_z,123,Under-performer
Andy Murray,0.022618522,m_second,Speed_MPH_z,1,Over-performer
Arthur Fils,-0.005113082,m_second,Speed_MPH_z,96,Average
Arthur Rinderknech,-0.00381886,m_second,Speed_MPH_z,89,Average
Aslan Karatsev,0.003305328,m_second,Speed_MPH_z,37,Average
Ben Shelton,0.002427786,m_second,Speed_MPH_z,46,Average
Benoit Paire,-0.003412986,m_second,Speed_MPH_z,85,Average
Borna Coric,0.000763113,m_second,Speed_MPH_z,59,Average
Botic van De Zandschulp,-0.008296033,m_second,Speed_MPH_z,109,Average
Botic Van De Zandschulp,0.001381049,m_second,Speed_MPH_z,51,Average
Brandon Nakashima,0.007592439,m_second,Speed_MPH_z,20,Average
Cameron Norrie,-0.005764481,m_second,Speed_MPH_z,98,Average
Carlos Alcaraz,0.002693033,m_second,Speed_MPH_z,43,Average
Casper Ruud,0.005658559,m_second,Speed_MPH_z,27,Average
Christopher Eubanks,-0.002343308,m_second,Speed_MPH_z,79,Average
Cristian Garin,-0.008762327,m_second,Speed_MPH_z,111,Average
Daniel Evans,0.009087054,m_second,Speed_MPH_z,17,Average
Daniil Medvedev,-0.0161449,m_second,Speed_MPH_z,125,Under-performer
David Goffin,0.002722898,m_second,Speed_MPH_z,42,Average
Denis Kudla,0.006138451,m_second,Speed_MPH_z,25,Average
Denis Shapovalov,0.004091926,m_second,Speed_MPH_z,33,Average
Diego Schwartzman,0.00495917,m_second,Speed_MPH_z,29,Average
Dominic Stricker,-0.002391542,m_second,Speed_MPH_z,80,Average
Dominic Thiem,0.010696796,m_second,Speed_MPH_z,14,Average
Dominik Koepfer,-0.011215674,m_second,Speed_MPH_z,119,Under-performer
Dusan Lajovic,-0.006757014,m_second,Speed_MPH_z,103,Average
Elias Ymer,-0.001907727,m_second,Speed_MPH_z,77,Average
Emil Ruusuvuori,0.002591686,m_second,Speed_MPH_z,45,Average
Fabian Marozsan,0.000179827,m_second,Speed_MPH_z,63,Average
Fabio Fognini,-0.008964999,m_second,Speed_MPH_z,112,Average
Facundo Diaz Acosta,0.001811536,m_second,Speed_MPH_z,49,Average
Federico Delbonis,0.000980218,m_second,Speed_MPH_z,55,Average
Feliciano Lopez,0.000461462,m_second,Speed_MPH_z,61,Average
Frances Tiafoe,-0.000764294,m_second,Speed_MPH_z,67,Average
Francisco Cerundolo,-0.002466185,m_second,Speed_MPH_z,81,Average
Gael Monfils,-0.001407335,m_second,Speed_MPH_z,73,Average
Gijs Brouwer,0.005328173,m_second,Speed_MPH_z,28,Average
Grigor Dimitrov,0.017294038,m_second,Speed_MPH_z,4,Over-performer
Guido Pella,0.002798772,m_second,Speed_MPH_z,41,Average
Holger Rune,0.011204331,m_second,Speed_MPH_z,12,Average
Hubert Hurkacz,-0.003461494,m_second,Speed_MPH_z,86,Average
Hugo Dellien,0.002808162,m_second,Speed_MPH_z,40,Average
Ilya Ivashka,-0.011543879,m_second,Speed_MPH_z,120,Under-performer
Jack Draper,-0.009659311,m_second,Speed_MPH_z,114,Average
Jack Sock,0.003163295,m_second,Speed_MPH_z,39,Average
James Duckworth,-0.006301096,m_second,Speed_MPH_z,99,Average
Jannik Sinner,0.009607497,m_second,Speed_MPH_z,15,Average
Jason Kubler,-0.006789009,m_second,Speed_MPH_z,104,Average
Jaume Munar,-0.004256268,m_second,Speed_MPH_z,93,Average
Jenson Brooksby,0.003969584,m_second,Speed_MPH_z,34,Average
Jiri Lehecka,-0.006311474,m_second,Speed_MPH_z,100,Average
Jiri Vesely,-0.000144277,m_second,Speed_MPH_z,64,Average
John Isner,-0.008175516,m_second,Speed_MPH_z,108,Average
John Millman,-0.004729344,m_second,Speed_MPH_z,95,Average
Jordan Thompson,-0.016060598,m_second,Speed_MPH_z,124,Under-performer
Juncheng Shang,0.007443143,m_second,Speed_MPH_z,21,Average
Karen Khachanov,-0.001052947,m_second,Speed_MPH_z,70,Average
Kei Nishikori,0.003674107,m_second,Speed_MPH_z,36,Average
Kevin Anderson,-0.002887845,m_second,Speed_MPH_z,84,Average
Laslo Djere,0.002043919,m_second,Speed_MPH_z,48,Average
Liam Broady,-0.002150822,m_second,Speed_MPH_z,78,Average
Lloyd Harris,-0.003648727,m_second,Speed_MPH_z,88,Average
Lorenzo Musetti,-0.000555496,m_second,Speed_MPH_z,66,Average
Lorenzo Sonego,-0.001063602,m_second,Speed_MPH_z,71,Average
Lucas Pouille,-0.006803895,m_second,Speed_MPH_z,105,Average
Marco Cecchinato,0.000321705,m_second,Speed_MPH_z,62,Average
Marcos Giron,-0.006472983,m_second,Speed_MPH_z,102,Average
Marin Cilic,-0.005233918,m_second,Speed_MPH_z,97,Average
Marton Fucsovics,-0.0106886,m_second,Speed_MPH_z,116,Average
Matteo Berrettini,-0.023337215,m_second,Speed_MPH_z,127,Under-performer
Mattia Bellucci,0.006800809,m_second,Speed_MPH_z,24,Average
Max Purcell,0.000932022,m_second,Speed_MPH_z,58,Average
Maxime Cressy,0.010829716,m_second,Speed_MPH_z,13,Average
Maximilian Marterer,-0.002661458,m_second,Speed_MPH_z,82,Average
Mikael Ymer,0.00468116,m_second,Speed_MPH_z,31,Average
Miomir Kecmanovic,-0.010946268,m_second,Speed_MPH_z,118,Under-performer
Nick Kyrgios,-0.018652718,m_second,Speed_MPH_z,126,Under-performer
Nicolas Jarry,-0.012933772,m_second,Speed_MPH_z,122,Under-performer
Nikoloz Basilashvili,0.002661576,m_second,Speed_MPH_z,44,Average
Novak Djokovic,0.020488403,m_second,Speed_MPH_z,2,Over-performer
Oscar Otte,-0.012301093,m_second,Speed_MPH_z,121,Under-performer
Pablo Andujar,0.002358428,m_second,Speed_MPH_z,47,Average
Pedro Cachin,-0.000434277,m_second,Speed_MPH_z,65,Average
Pedro Martinez,-0.002804165,m_second,Speed_MPH_z,83,Average
Philipp Kohlschreiber,-0.001525439,m_second,Speed_MPH_z,74,Average
Quentin Halys,0.003241235,m_second,Speed_MPH_z,38,Average
Radu Albot,-0.000838274,m_second,Speed_MPH_z,68,Average
Rafael Nadal,0.001109359,m_second,Speed_MPH_z,53,Average
Ricardas Berankis,-0.001010859,m_second,Speed_MPH_z,69,Average
Richard Gasquet,0.001613722,m_second,Speed_MPH_z,50,Average
Roberto Bautista Agut,-0.008585166,m_second,Speed_MPH_z,110,Average
Roberto Carballes Baena,0.006030908,m_second,Speed_MPH_z,26,Average
Roger Federer,-0.007239939,m_second,Speed_MPH_z,106,Average
Roman Safiullin,0.012423155,m_second,Speed_MPH_z,8,Over-performer
Salvatore Caruso,0.001278937,m_second,Speed_MPH_z,52,Average
Sam Querrey,-0.001800242,m_second,Speed_MPH_z,76,Average
Sebastian Korda,0.001057575,m_second,Speed_MPH_z,54,Average
Stan Wawrinka,0.00436763,m_second,Speed_MPH_z,32,Average
Stefan Kozlov,-0.006447111,m_second,Speed_MPH_z,101,Average
Stefanos Tsitsipas,0.008707227,m_second,Speed_MPH_z,19,Average
Steve Johnson,-0.010791275,m_second,Speed_MPH_z,117,Average
Tallon Griekspoor,0.00050841,m_second,Speed_MPH_z,60,Average
Taro Daniel,0.004884335,m_second,Speed_MPH_z,30,Average
Taylor Fritz,0.01227874,m_second,Speed_MPH_z,9,Over-performer
Tennys Sandgren,-0.004333046,m_second,Speed_MPH_z,94,Average
Thanasi Kokkinakis,-0.004009767,m_second,Speed_MPH_z,91,Average
Thiago Seyboth Wild,0.003869383,m_second,Speed_MPH_z,35,Average
Tim Van Rijthoven,-0.009482405,m_second,Speed_MPH_z,113,Average
Tommy Paul,0.015681103,m_second,Speed_MPH_z,6,Over-performer
Ugo Humbert,0.011706557,m_second,Speed_MPH_z,10,Over-performer
Yannick Hanfmann,0.008761209,m_second,Speed_MPH_z,18,Average
Yibing Wu,-0.009763438,m_second,Speed_MPH_z,115,Average
Yoshihito Nishioka,0.011255094,m_second,Speed_MPH_z,11,Average
Yosuke Watanuki,0.000955699,m_second,Speed_MPH_z,56,Average
Adrian Mannarino,0.01263883,m_second,speed_ratio_z,6,Over-performer
Alejandro Davidovich Fokina,0.007439233,m_second,speed_ratio_z,19,Average
Alejandro Tabilo,0.00062846,m_second,speed_ratio_z,57,Average
Aleksandar Kovacevic,-0.003655646,m_second,speed_ratio_z,90,Average
Aleksandar Vukic,-0.001269633,m_second,speed_ratio_z,70,Average
Alex de Minaur,-0.006772949,m_second,speed_ratio_z,105,Average
Alex De Minaur,0.008250823,m_second,speed_ratio_z,17,Average
Alex Molcan,-0.003771075,m_second,speed_ratio_z,92,Average
Alexander Bublik,0.002799698,m_second,speed_ratio_z,39,Average
Alexander Zverev,0.022530284,m_second,speed_ratio_z,1,Over-performer
Alexandre Muller,0.012556975,m_second,speed_ratio_z,7,Over-performer
Alexei Popyrin,-0.003690431,m_second,speed_ratio_z,91,Average
Aljaz Bedene,0.006640471,m_second,speed_ratio_z,21,Average
Andrey Rublev,-0.009628038,m_second,speed_ratio_z,112,Average
Andy Murray,0.020996499,m_second,speed_ratio_z,2,Over-performer
Arthur Fils,-0.004218274,m_second,speed_ratio_z,94,Average
Arthur Rinderknech,-0.003108204,m_second,speed_ratio_z,86,Average
Aslan Karatsev,0.0032725,m_second,speed_ratio_z,37,Average
Ben Shelton,0.001652364,m_second,speed_ratio_z,48,Average
Benoit Paire,-0.003276373,m_second,speed_ratio_z,87,Average
Borna Coric,0.000756183,m_second,speed_ratio_z,55,Average
Botic van De Zandschulp,-0.007262319,m_second,speed_ratio_z,107,Average
Botic Van De Zandschulp,0.002403719,m_second,speed_ratio_z,43,Average
Brandon Nakashima,0.006099374,m_second,speed_ratio_z,23,Average
Cameron Norrie,-0.01019272,m_second,speed_ratio_z,116,Average
Carlos Alcaraz,0.003620522,m_second,speed_ratio_z,33,Average
Casper Ruud,0.003810845,m_second,speed_ratio_z,31,Average
Christopher Eubanks,-0.001945857,m_second,speed_ratio_z,74,Average
Cristian Garin,-0.009818432,m_second,speed_ratio_z,113,Average
Daniel Evans,0.005698204,m_second,speed_ratio_z,26,Average
Daniil Medvedev,-0.013491012,m_second,speed_ratio_z,124,Under-performer
David Goffin,-0.002467657,m_second,speed_ratio_z,81,Average
Denis Kudla,0.006226441,m_second,speed_ratio_z,22,Average
Denis Shapovalov,0.003807829,m_second,speed_ratio_z,32,Average
Diego Schwartzman,-0.001215701,m_second,speed_ratio_z,69,Average
Dominic Stricker,-0.002409275,m_second,speed_ratio_z,80,Average
Dominic Thiem,0.010243596,m_second,speed_ratio_z,14,Average
Dominik Koepfer,-0.011241645,m_second,speed_ratio_z,121,Under-performer
Dusan Lajovic,-0.007045417,m_second,speed_ratio_z,106,Average
Elias Ymer,-0.001596178,m_second,speed_ratio_z,72,Average
Emil Ruusuvuori,0.003522608,m_second,speed_ratio_z,34,Average
Fabian Marozsan,4.41E-05,m_second,speed_ratio_z,62,Average
Fabio Fognini,-0.010082982,m_second,speed_ratio_z,115,Average
Facundo Diaz Acosta,0.001158762,m_second,speed_ratio_z,51,Average
Federico Delbonis,0.000382171,m_second,speed_ratio_z,59,Average
Feliciano Lopez,0.000898799,m_second,speed_ratio_z,53,Average
Frances Tiafoe,0.004620288,m_second,speed_ratio_z,28,Average
Francisco Cerundolo,-0.002638434,m_second,speed_ratio_z,82,Average
Gael Monfils,-0.00226145,m_second,speed_ratio_z,77,Average
Gijs Brouwer,0.00442587,m_second,speed_ratio_z,30,Average
Grigor Dimitrov,0.019562826,m_second,speed_ratio_z,3,Over-performer
Guido Pella,0.002368405,m_second,speed_ratio_z,45,Average
Holger Rune,0.010571813,m_second,speed_ratio_z,13,Average
Hubert Hurkacz,0.000738208,m_second,speed_ratio_z,56,Average
Hugo Dellien,0.00247118,m_second,speed_ratio_z,42,Average
Ilya Ivashka,-0.011119178,m_second,speed_ratio_z,119,Under-performer
Jack Draper,-0.008285455,m_second,speed_ratio_z,109,Average
Jack Sock,0.002694373,m_second,speed_ratio_z,40,Average
James Duckworth,-0.004577272,m_second,speed_ratio_z,98,Average
Jannik Sinner,0.011948171,m_second,speed_ratio_z,9,Over-performer
Jason Kubler,-0.006488838,m_second,speed_ratio_z,102,Average
Jaume Munar,-0.00356917,m_second,speed_ratio_z,89,Average
Jenson Brooksby,0.002374845,m_second,speed_ratio_z,44,Average
Jiri Lehecka,-0.006127036,m_second,speed_ratio_z,100,Average
Jiri Vesely,0.000236543,m_second,speed_ratio_z,60,Average
John Isner,-0.006078726,m_second,speed_ratio_z,99,Average
John Millman,-0.004310622,m_second,speed_ratio_z,96,Average
Jordan Thompson,-0.014644017,m_second,speed_ratio_z,125,Under-performer
Juncheng Shang,0.00716488,m_second,speed_ratio_z,20,Average
Karen Khachanov,-0.0011621,m_second,speed_ratio_z,68,Average
Kei Nishikori,0.002487115,m_second,speed_ratio_z,41,Average
Kevin Anderson,-0.002297566,m_second,speed_ratio_z,78,Average
Laslo Djere,0.001324843,m_second,speed_ratio_z,50,Average
Liam Broady,-0.002936376,m_second,speed_ratio_z,84,Average
Lloyd Harris,-0.003498502,m_second,speed_ratio_z,88,Average
Lorenzo Musetti,-0.001086218,m_second,speed_ratio_z,67,Average
Lorenzo Sonego,4.33E-05,m_second,speed_ratio_z,63,Average
Lucas Pouille,-0.00649633,m_second,speed_ratio_z,103,Average
Marco Cecchinato,8.68E-05,m_second,speed_ratio_z,61,Average
Marcos Giron,-0.006328249,m_second,speed_ratio_z,101,Average
Marin Cilic,-0.004058902,m_second,speed_ratio_z,93,Average
Marton Fucsovics,-0.010771474,m_second,speed_ratio_z,118,Under-performer
Matteo Berrettini,-0.015008154,m_second,speed_ratio_z,126,Under-performer
Mattia Bellucci,0.005320738,m_second,speed_ratio_z,27,Average
Max Purcell,0.000787746,m_second,speed_ratio_z,54,Average
Maxime Cressy,0.010618884,m_second,speed_ratio_z,12,Average
Maximilian Marterer,-0.00233105,m_second,speed_ratio_z,79,Average
Mikael Ymer,0.003408801,m_second,speed_ratio_z,36,Average
Miomir Kecmanovic,-0.010515064,m_second,speed_ratio_z,117,Average
Nick Kyrgios,-0.016358463,m_second,speed_ratio_z,127,Under-performer
Nicolas Jarry,-0.011229079,m_second,speed_ratio_z,120,Under-performer
Nikoloz Basilashvili,0.001834138,m_second,speed_ratio_z,46,Average
Novak Djokovic,0.019277565,m_second,speed_ratio_z,4,Over-performer
Oscar Otte,-0.011653033,m_second,speed_ratio_z,123,Under-performer
Pablo Andujar,0.001749593,m_second,speed_ratio_z,47,Average
Pedro Cachin,-0.000186812,m_second,speed_ratio_z,66,Average
Pedro Martinez,-0.004566404,m_second,speed_ratio_z,97,Average
Philipp Kohlschreiber,-0.002743729,m_second,speed_ratio_z,83,Average
Quentin Halys,0.003483335,m_second,speed_ratio_z,35,Average
Radu Albot,-0.00200355,m_second,speed_ratio_z,75,Average
Rafael Nadal,-0.002044425,m_second,speed_ratio_z,76,Average
Ricardas Berankis,-0.001637866,m_second,speed_ratio_z,73,Average
Richard Gasquet,-0.000148865,m_second,speed_ratio_z,65,Average
Roberto Bautista Agut,-0.011516121,m_second,speed_ratio_z,122,Under-performer
Roberto Carballes Baena,0.005728087,m_second,speed_ratio_z,25,Average
Roger Federer,-0.008558852,m_second,speed_ratio_z,110,Average
Roman Safiullin,0.012181536,m_second,speed_ratio_z,8,Over-performer
Salvatore Caruso,0.001129407,m_second,speed_ratio_z,52,Average
Sam Querrey,-0.001276738,m_second,speed_ratio_z,71,Average
Sebastian Korda,1.89E-06,m_second,speed_ratio_z,64,Average
Stan Wawrinka,0.005962481,m_second,speed_ratio_z,24,Average
Stefan Kozlov,-0.006629839,m_second,speed_ratio_z,104,Average
Stefanos Tsitsipas,0.011047692,m_second,speed_ratio_z,11,Average
Steve Johnson,-0.009890642,m_second,speed_ratio_z,114,Average
Tallon Griekspoor,0.000566462,m_second,speed_ratio_z,58,Average
Taro Daniel,0.004472749,m_second,speed_ratio_z,29,Average
Taylor Fritz,0.016534668,m_second,speed_ratio_z,5,Over-performer
Tennys Sandgren,-0.00429326,m_second,speed_ratio_z,95,Average
Thanasi Kokkinakis,-0.003034604,m_second,speed_ratio_z,85,Average
Thiago Seyboth Wild,0.00293922,m_second,speed_ratio_z,38,Average
Tim Van Rijthoven,-0.007593855,m_second,speed_ratio_z,108,Average
Tommy Paul,0.011637988,m_second,speed_ratio_z,10,Over-performer
Ugo Humbert,0.010188653,m_second,speed_ratio_z,15,Average
Yannick Hanfmann,0.007773822,m_second,speed_ratio_z,18,Average
Yibing Wu,-0.00861745,m_second,speed_ratio_z,111,Average
Yoshihito Nishioka,0.008826687,m_second,speed_ratio_z,16,Average
Yosuke Watanuki,0.001597092,m_second,speed_ratio_z,49,Average
Ajla Tomljanovic,-0.022297804,f_first,Speed_MPH_z,103,Average
Aliaksandra Sasnovich,-0.009488212,f_first,Speed_MPH_z,82,Average
Alison Van Uytvanck,-0.015935576,f_first,Speed_MPH_z,96,Average
Alize Cornet,-0.008606062,f_first,Speed_MPH_z,78,Average
Amanda Anisimova,-0.020786931,f_first,Speed_MPH_z,101,Average
Anastasia Pavlyuchenkova,-0.023180946,f_first,Speed_MPH_z,104,Average
Anastasia Potapova,-0.012081403,f_first,Speed_MPH_z,90,Average
Anastasija Sevastova,0.027553259,f_first,Speed_MPH_z,10,Over-performer
Andrea Petkovic,0.007434834,f_first,Speed_MPH_z,40,Average
Anett Kontaveit,-0.002159512,f_first,Speed_MPH_z,59,Average
Angelique Kerber,0.022115045,f_first,Speed_MPH_z,17,Average
Anhelina Kalinina,0.007588259,f_first,Speed_MPH_z,39,Average
Anna Blinkova,-0.01642051,f_first,Speed_MPH_z,97,Average
Anna Kalinskaya,0.00223703,f_first,Speed_MPH_z,46,Average
Arantxa Rus,0.012270269,f_first,Speed_MPH_z,32,Average
Aryna Sabalenka,-0.034374893,f_first,Speed_MPH_z,113,Under-performer
Ashleigh Barty,-0.005300673,f_first,Speed_MPH_z,68,Average
Ashlyn Krueger,-0.025904621,f_first,Speed_MPH_z,105,Average
Barbora Krejcikova,0.018317578,f_first,Speed_MPH_z,23,Average
Beatriz Haddad Maia,0.036419371,f_first,Speed_MPH_z,3,Over-performer
Belinda Bencic,0.032998855,f_first,Speed_MPH_z,6,Over-performer
Bernarda Pera,-0.01751669,f_first,Speed_MPH_z,98,Average
Bianca Andreescu,0.044857538,f_first,Speed_MPH_z,1,Over-performer
Brenda Fruhvirtova,-0.011016705,f_first,Speed_MPH_z,86,Average
Camila Giorgi,-0.006339123,f_first,Speed_MPH_z,73,Average
Caroline Dolehide,-0.049579419,f_first,Speed_MPH_z,114,Under-performer
Caroline Garcia,0.015518021,f_first,Speed_MPH_z,24,Average
Caroline Wozniacki,-0.009840013,f_first,Speed_MPH_z,83,Average
Caty McNally,-0.015903496,f_first,Speed_MPH_z,95,Average
Clara Burel,0.005057506,f_first,Speed_MPH_z,42,Average
Clara Tauson,0.01118579,f_first,Speed_MPH_z,35,Average
Coco Gauff,-0.006260885,f_first,Speed_MPH_z,72,Average
Cristina Bucsa,-0.001777012,f_first,Speed_MPH_z,57,Average
Dalma Galfi,-0.033798941,f_first,Speed_MPH_z,112,Under-performer
Danielle Collins,0.003596265,f_first,Speed_MPH_z,44,Average
Daria Kasatkina,0.012697799,f_first,Speed_MPH_z,30,Average
Daria Saville,-0.000188766,f_first,Speed_MPH_z,52,Average
Dayana Yastremska,-0.005599726,f_first,Speed_MPH_z,70,Average
Diana Shnaider,2.42E-05,f_first,Speed_MPH_z,50,Average
Diane Parry,-0.030804797,f_first,Speed_MPH_z,109,Under-performer
Donna Vekic,0.028469468,f_first,Speed_MPH_z,8,Over-performer
Ekaterina Alexandrova,0.004198161,f_first,Speed_MPH_z,43,Average
Elena Rybakina,0.027256945,f_first,Speed_MPH_z,11,Average
Elina Avanesyan,-0.013559547,f_first,Speed_MPH_z,91,Average
Elina Svitolina,0.026586882,f_first,Speed_MPH_z,12,Average
Elisabetta Cocciaretto,-0.014604518,f_first,Speed_MPH_z,92,Average
Elise Mertens,-0.000126278,f_first,Speed_MPH_z,51,Average
Emma Navarro,-0.002122334,f_first,Speed_MPH_z,58,Average
Emma Raducanu,-0.001401756,f_first,Speed_MPH_z,56,Average
Fiona Ferro,-0.003471569,f_first,Speed_MPH_z,64,Average
Garbine Muguruza,0.001208801,f_first,Speed_MPH_z,48,Average
Greet Minnen,0.009002952,f_first,Speed_MPH_z,37,Average
Harmony Tan,0.009685255,f_first,Speed_MPH_z,36,Average
Harriet Dart,0.022596627,f_first,Speed_MPH_z,16,Average
Heather Watson,0.011237545,f_first,Speed_MPH_z,34,Average
Iga Swiatek,0.034943373,f_first,Speed_MPH_z,5,Over-performer
Jaqueline Cristian,0.001595896,f_first,Speed_MPH_z,47,Average
Jasmine Paolini,-0.012003608,f_first,Speed_MPH_z,89,Average
Jelena Ostapenko,-0.026926244,f_first,Speed_MPH_z,106,Under-performer
Jessica Bouzas Maneiro,0.01415972,f_first,Speed_MPH_z,27,Average
Jessica Pegula,-0.028293893,f_first,Speed_MPH_z,107,Under-performer
Jodie Burrage,-0.03256621,f_first,Speed_MPH_z,110,Under-performer
Jule Niemeier,-0.019304349,f_first,Speed_MPH_z,99,Average
Kaia Kanepi,0.014014087,f_first,Speed_MPH_z,28,Average
Kaja Juvan,0.007993559,f_first,Speed_MPH_z,38,Average
Karolina Muchova,-0.010022897,f_first,Speed_MPH_z,84,Average
Katerina Siniakova,0.020234096,f_first,Speed_MPH_z,19,Average
Kateryna Kozlova,-0.014716116,f_first,Speed_MPH_z,93,Average
Katie Boulter,-0.033533904,f_first,Speed_MPH_z,111,Under-performer
Katie Volynets,-0.021008394,f_first,Speed_MPH_z,102,Average
Laura Siegemund,0.015203101,f_first,Speed_MPH_z,25,Average
Lauren Davis,0.042555746,f_first,Speed_MPH_z,2,Over-performer
Lesia Tsurenko,-0.005574923,f_first,Speed_MPH_z,69,Average
Lin Zhu,-0.011497536,f_first,Speed_MPH_z,88,Average
Linda Noskova,0.005786012,f_first,Speed_MPH_z,41,Average
Liudmila Samsonova,-0.003416326,f_first,Speed_MPH_z,63,Average
Lulu Sun,0.020121404,f_first,Speed_MPH_z,20,Average
Madison Brengle,0.014169382,f_first,Speed_MPH_z,26,Average
Madison Keys,-0.001087246,f_first,Speed_MPH_z,55,Average
Magda Linette,0.00049575,f_first,Speed_MPH_z,49,Average
Magdalena Frech,-0.01107205,f_first,Speed_MPH_z,87,Average
Maria Sakkari,0.011912032,f_first,Speed_MPH_z,33,Average
Marie Bouzkova,0.01251179,f_first,Speed_MPH_z,31,Average
Marketa Vondrousova,-0.052374762,f_first,Speed_MPH_z,115,Under-performer
Marta Kostyuk,-0.003291747,f_first,Speed_MPH_z,61,Average
Martina Trevisan,-0.000915566,f_first,Speed_MPH_z,53,Average
McCartney Kessler,-0.006916797,f_first,Speed_MPH_z,75,Average
Mirra Andreeva,0.01887529,f_first,Speed_MPH_z,22,Average
Naomi Osaka,-0.000963869,f_first,Speed_MPH_z,54,Average
Nina Stojanovic,-0.010253164,f_first,Speed_MPH_z,85,Average
Ons Jabeur,0.035831168,f_first,Speed_MPH_z,4,Over-performer
Paula Badosa,-0.030207271,f_first,Speed_MPH_z,108,Under-performer
Petra Kvitova,-0.009188159,f_first,Speed_MPH_z,79,Average
Petra Martic,0.027879064,f_first,Speed_MPH_z,9,Over-performer
Qiang Wang,0.013891572,f_first,Speed_MPH_z,29,Average
Qinwen Zheng,0.026379866,f_first,Speed_MPH_z,13,Average
Renata Zarazua,0.019725287,f_first,Speed_MPH_z,21,Average
Robin Montgomery,-0.008191815,f_first,Speed_MPH_z,77,Average
Sara Sorribes Tormo,-0.004813516,f_first,Speed_MPH_z,67,Average
Shelby Rogers,-0.006004253,f_first,Speed_MPH_z,71,Average
Shuai Zhang,-0.003357817,f_first,Speed_MPH_z,62,Average
Simona Halep,-0.004021652,f_first,Speed_MPH_z,65,Average
Sloane Stephens,0.0233211,f_first,Speed_MPH_z,15,Average
Sofia Kenin,-0.007030986,f_first,Speed_MPH_z,76,Average
Sorana Cirstea,-0.009329907,f_first,Speed_MPH_z,81,Average
Tatjana Maria,-0.019351919,f_first,Speed_MPH_z,100,Average
Varvara Gracheva,-0.004399782,f_first,Speed_MPH_z,66,Average
Venus Williams,0.003573412,f_first,Speed_MPH_z,45,Average
Vera Zvonareva,-0.009258241,f_first,Speed_MPH_z,80,Average
Veronika Kudermetova,0.021017728,f_first,Speed_MPH_z,18,Average
Victoria Azarenka,-0.015240951,f_first,Speed_MPH_z,94,Average
Viktorija Golubic,0.03113238,f_first,Speed_MPH_z,7,Over-performer
Viktoriya Tomova,-0.002985067,f_first,Speed_MPH_z,60,Average
Yafan Wang,-0.006563474,f_first,Speed_MPH_z,74,Average
Yulia Putintseva,0.023657476,f_first,Speed_MPH_z,14,Average
Ajla Tomljanovic,-0.037100639,f_first,speed_ratio_z,88,Average
Aliaksandra Sasnovich,-0.038579079,f_first,speed_ratio_z,90,Average
Alison Van Uytvanck,-0.018731879,f_first,speed_ratio_z,71,Average
Alize Cornet,-0.033901084,f_first,speed_ratio_z,87,Average
Amanda Anisimova,-0.047179002,f_first,speed_ratio_z,96,Average
Anastasia Pavlyuchenkova,-0.065823173,f_first,speed_ratio_z,107,Under-performer
Anastasia Potapova,-0.033076931,f_first,speed_ratio_z,85,Average
Anastasija Sevastova,0.067445842,f_first,speed_ratio_z,10,Over-performer
Andrea Petkovic,0.014596535,f_first,speed_ratio_z,38,Average
Anett Kontaveit,-0.014041417,f_first,speed_ratio_z,68,Average
Angelique Kerber,-0.028100608,f_first,speed_ratio_z,80,Average
Anhelina Kalinina,0.010736086,f_first,speed_ratio_z,44,Average
Anna Blinkova,-0.045703042,f_first,speed_ratio_z,95,Average
Anna Kalinskaya,0.000254174,f_first,speed_ratio_z,53,Average
Arantxa Rus,0.031810322,f_first,speed_ratio_z,27,Average
Aryna Sabalenka,0.009903675,f_first,speed_ratio_z,45,Average
Ashleigh Barty,0.00319238,f_first,speed_ratio_z,50,Average
Ashlyn Krueger,-0.061776857,f_first,speed_ratio_z,106,Under-performer
Barbora Krejcikova,0.03648026,f_first,speed_ratio_z,24,Average
Beatriz Haddad Maia,0.098792492,f_first,speed_ratio_z,4,Over-performer
Belinda Bencic,0.064730964,f_first,speed_ratio_z,14,Average
Bernarda Pera,-0.053319257,f_first,speed_ratio_z,102,Average
Bianca Andreescu,0.099241354,f_first,speed_ratio_z,3,Over-performer
Brenda Fruhvirtova,-0.048230397,f_first,speed_ratio_z,98,Average
Camila Giorgi,0.004042057,f_first,speed_ratio_z,49,Average
Caroline Dolehide,-0.10748137,f_first,speed_ratio_z,115,Under-performer
Caroline Garcia,0.072493524,f_first,speed_ratio_z,9,Over-performer
Caroline Wozniacki,-0.031961643,f_first,speed_ratio_z,84,Average
Caty McNally,-0.053624034,f_first,speed_ratio_z,103,Average
Clara Burel,0.014741349,f_first,speed_ratio_z,37,Average
Clara Tauson,0.031506297,f_first,speed_ratio_z,29,Average
Coco Gauff,0.057872588,f_first,speed_ratio_z,17,Average
Cristina Bucsa,-0.006906126,f_first,speed_ratio_z,59,Average
Dalma Galfi,-0.078477438,f_first,speed_ratio_z,110,Under-performer
Danielle Collins,0.013360273,f_first,speed_ratio_z,41,Average
Daria Kasatkina,-0.056305819,f_first,speed_ratio_z,104,Average
Daria Saville,-0.004407752,f_first,speed_ratio_z,55,Average
Dayana Yastremska,-0.001367583,f_first,speed_ratio_z,54,Average
Diana Shnaider,-0.009694576,f_first,speed_ratio_z,63,Average
Diane Parry,-0.082887364,f_first,speed_ratio_z,112,Under-performer
Donna Vekic,0.112474686,f_first,speed_ratio_z,2,Over-performer
Ekaterina Alexandrova,0.031091791,f_first,speed_ratio_z,31,Average
Elena Rybakina,0.17006076,f_first,speed_ratio_z,1,Over-performer
Elina Avanesyan,-0.050628694,f_first,speed_ratio_z,101,Average
Elina Svitolina,0.066340844,f_first,speed_ratio_z,12,Average
Elisabetta Cocciaretto,-0.041931928,f_first,speed_ratio_z,93,Average
Elise Mertens,0.031972358,f_first,speed_ratio_z,26,Average
Emma Navarro,-0.0182168,f_first,speed_ratio_z,70,Average
Emma Raducanu,-0.008053835,f_first,speed_ratio_z,60,Average
Fiona Ferro,-0.013044686,f_first,speed_ratio_z,67,Average
Garbine Muguruza,0.008168383,f_first,speed_ratio_z,46,Average
Greet Minnen,0.031398903,f_first,speed_ratio_z,30,Average
Harmony Tan,0.031700165,f_first,speed_ratio_z,28,Average
Harriet Dart,0.007160097,f_first,speed_ratio_z,47,Average
Heather Watson,0.01335377,f_first,speed_ratio_z,42,Average
Iga Swiatek,0.098356173,f_first,speed_ratio_z,5,Over-performer
Jaqueline Cristian,0.007126208,f_first,speed_ratio_z,48,Average
Jasmine Paolini,-0.040518597,f_first,speed_ratio_z,92,Average
Jelena Ostapenko,-0.06900597,f_first,speed_ratio_z,109,Under-performer
Jessica Bouzas Maneiro,0.034450569,f_first,speed_ratio_z,25,Average
Jessica Pegula,-0.047211285,f_first,speed_ratio_z,97,Average
Jodie Burrage,-0.080544136,f_first,speed_ratio_z,111,Under-performer
Jule Niemeier,-0.038140235,f_first,speed_ratio_z,89,Average
Kaia Kanepi,0.04096484,f_first,speed_ratio_z,21,Average
Kaja Juvan,0.017492428,f_first,speed_ratio_z,36,Average
Karolina Muchova,-0.005953865,f_first,speed_ratio_z,57,Average
Katerina Siniakova,0.054048838,f_first,speed_ratio_z,20,Average
Kateryna Kozlova,-0.042077359,f_first,speed_ratio_z,94,Average
Katie Boulter,-0.028809906,f_first,speed_ratio_z,81,Average
Katie Volynets,-0.06639625,f_first,speed_ratio_z,108,Under-performer
Laura Siegemund,0.014242154,f_first,speed_ratio_z,39,Average
Lauren Davis,0.089178466,f_first,speed_ratio_z,7,Over-performer
Lesia Tsurenko,-0.088366457,f_first,speed_ratio_z,113,Under-performer
Lin Zhu,-0.027459234,f_first,speed_ratio_z,78,Average
Linda Noskova,0.02087557,f_first,speed_ratio_z,34,Average
Liudmila Samsonova,0.019467952,f_first,speed_ratio_z,35,Average
Lulu Sun,0.06670082,f_first,speed_ratio_z,11,Average
Madison Brengle,-0.049048852,f_first,speed_ratio_z,99,Average
Madison Keys,0.030374828,f_first,speed_ratio_z,32,Average
Magda Linette,-0.006010138,f_first,speed_ratio_z,58,Average
Magdalena Frech,-0.021630402,f_first,speed_ratio_z,75,Average
Maria Sakkari,0.064882934,f_first,speed_ratio_z,13,Average
Marie Bouzkova,-0.033123524,f_first,speed_ratio_z,86,Average
Marketa Vondrousova,-0.106903264,f_first,speed_ratio_z,114,Under-performer
Marta Kostyuk,-0.01092329,f_first,speed_ratio_z,65,Average
Martina Trevisan,-0.010460739,f_first,speed_ratio_z,64,Average
McCartney Kessler,-0.020573982,f_first,speed_ratio_z,74,Average
Mirra Andreeva,0.06452762,f_first,speed_ratio_z,15,Average
Naomi Osaka,0.023113994,f_first,speed_ratio_z,33,Average
Nina Stojanovic,-0.019839671,f_first,speed_ratio_z,73,Average
Ons Jabeur,0.05415997,f_first,speed_ratio_z,19,Average
Paula Badosa,-0.038703602,f_first,speed_ratio_z,91,Average
Petra Kvitova,-0.030998903,f_first,speed_ratio_z,83,Average
Petra Martic,0.089320016,f_first,speed_ratio_z,6,Over-performer
Qiang Wang,0.039802236,f_first,speed_ratio_z,22,Average
Qinwen Zheng,0.089086005,f_first,speed_ratio_z,8,Over-performer
Renata Zarazua,0.03671829,f_first,speed_ratio_z,23,Average
Robin Montgomery,-0.021815564,f_first,speed_ratio_z,76,Average
Sara Sorribes Tormo,-0.050351611,f_first,speed_ratio_z,100,Average
Shelby Rogers,-0.009577738,f_first,speed_ratio_z,62,Average
Shuai Zhang,-0.015747606,f_first,speed_ratio_z,69,Average
Simona Halep,-0.011491907,f_first,speed_ratio_z,66,Average
Sloane Stephens,0.055772965,f_first,speed_ratio_z,18,Average
Sofia Kenin,-0.060782048,f_first,speed_ratio_z,105,Average
Sorana Cirstea,-0.008055925,f_first,speed_ratio_z,61,Average
Tatjana Maria,0.012171098,f_first,speed_ratio_z,43,Average
Varvara Gracheva,0.000357457,f_first,speed_ratio_z,52,Average
Venus Williams,0.013841308,f_first,speed_ratio_z,40,Average
Vera Zvonareva,-0.027884734,f_first,speed_ratio_z,79,Average
Veronika Kudermetova,0.059977826,f_first,speed_ratio_z,16,Average
Victoria Azarenka,-0.029495539,f_first,speed_ratio_z,82,Average
Viktorija Golubic,0.000784854,f_first,speed_ratio_z,51,Average
Viktoriya Tomova,-0.026814717,f_first,speed_ratio_z,77,Average
Yafan Wang,-0.019531202,f_first,speed_ratio_z,72,Average
Yulia Putintseva,-0.004642741,f_first,speed_ratio_z,56,Average
Ajla Tomljanovic,-0.041759904,f_second,Speed_MPH_z,110,Under-performer
Aliaksandra Sasnovich,-0.01857999,f_second,Speed_MPH_z,91,Average
Alison Van Uytvanck,-0.017241323,f_second,Speed_MPH_z,88,Average
Alize Cornet,0.041917362,f_second,Speed_MPH_z,8,Over-performer
Amanda Anisimova,-0.002042355,f_second,Speed_MPH_z,59,Average
Anastasia Pavlyuchenkova,-0.01753487,f_second,Speed_MPH_z,89,Average
Anastasia Potapova,-0.006860171,f_second,Speed_MPH_z,72,Average
Anastasija Sevastova,-0.00729989,f_second,Speed_MPH_z,73,Average
Andrea Petkovic,0.001048609,f_second,Speed_MPH_z,52,Average
Anett Kontaveit,0.017518043,f_second,Speed_MPH_z,31,Average
Angelique Kerber,0.047067833,f_second,Speed_MPH_z,6,Over-performer
Anhelina Kalinina,0.000746931,f_second,Speed_MPH_z,54,Average
Anna Blinkova,-0.004376703,f_second,Speed_MPH_z,66,Average
Anna Kalinskaya,0.007470973,f_second,Speed_MPH_z,37,Average
Arantxa Rus,-0.005609466,f_second,Speed_MPH_z,70,Average
Aryna Sabalenka,-0.036036992,f_second,Speed_MPH_z,105,Average
Ashleigh Barty,-0.041619678,f_second,Speed_MPH_z,109,Under-performer
Ashlyn Krueger,-0.003136618,f_second,Speed_MPH_z,62,Average
Barbora Krejcikova,0.095459682,f_second,Speed_MPH_z,1,Over-performer
Beatriz Haddad Maia,0.005928675,f_second,Speed_MPH_z,40,Average
Belinda Bencic,0.031151527,f_second,Speed_MPH_z,19,Average
Bernarda Pera,-0.009391017,f_second,Speed_MPH_z,75,Average
Bianca Andreescu,0.007713886,f_second,Speed_MPH_z,36,Average
Brenda Fruhvirtova,-0.02538769,f_second,Speed_MPH_z,93,Average
Camila Giorgi,0.005764608,f_second,Speed_MPH_z,41,Average
Caroline Dolehide,-0.002664631,f_second,Speed_MPH_z,60,Average
Caroline Garcia,-0.004454071,f_second,Speed_MPH_z,67,Average
Caroline Wozniacki,-0.012548904,f_second,Speed_MPH_z,81,Average
Caty McNally,0.000275802,f_second,Speed_MPH_z,57,Average
Clara Burel,-0.004720432,f_second,Speed_MPH_z,68,Average
Clara Tauson,-0.024962043,f_second,Speed_MPH_z,92,Average
Coco Gauff,0.035926206,f_second,Speed_MPH_z,13,Average
Cristina Bucsa,0.001945661,f_second,Speed_MPH_z,49,Average
Dalma Galfi,-0.029725521,f_second,Speed_MPH_z,99,Average
Danielle Collins,0.007336833,f_second,Speed_MPH_z,38,Average
Daria Kasatkina,0.02485549,f_second,Speed_MPH_z,25,Average
Daria Saville,-0.009711608,f_second,Speed_MPH_z,78,Average
Dayana Yastremska,0.040103472,f_second,Speed_MPH_z,9,Over-performer
Diana Shnaider,0.00520623,f_second,Speed_MPH_z,42,Average
Diane Parry,0.011415843,f_second,Speed_MPH_z,34,Average
Donna Vekic,0.00611412,f_second,Speed_MPH_z,39,Average
Ekaterina Alexandrova,0.018738666,f_second,Speed_MPH_z,29,Average
Elena Rybakina,-0.054783447,f_second,Speed_MPH_z,112,Under-performer
Elina Avanesyan,0.001658432,f_second,Speed_MPH_z,50,Average
Elina Svitolina,-0.041509806,f_second,Speed_MPH_z,108,Under-performer
Elisabetta Cocciaretto,-0.028646038,f_second,Speed_MPH_z,98,Average
Elise Mertens,0.01962186,f_second,Speed_MPH_z,27,Average
Emma Navarro,-0.032144373,f_second,Speed_MPH_z,102,Average
Emma Raducanu,0.031924179,f_second,Speed_MPH_z,17,Average
Fiona Ferro,-0.069462325,f_second,Speed_MPH_z,114,Under-performer
Garbine Muguruza,-0.037178218,f_second,Speed_MPH_z,107,Under-performer
Greet Minnen,-0.018269213,f_second,Speed_MPH_z,90,Average
Harmony Tan,-0.005160827,f_second,Speed_MPH_z,69,Average
Harriet Dart,0.000281587,f_second,Speed_MPH_z,56,Average
Heather Watson,-0.011242009,f_second,Speed_MPH_z,79,Average
Iga Swiatek,-0.016226963,f_second,Speed_MPH_z,86,Average
Jaqueline Cristian,-0.014510786,f_second,Speed_MPH_z,83,Average
Jasmine Paolini,-0.003926909,f_second,Speed_MPH_z,64,Average
Jelena Ostapenko,0.027805172,f_second,Speed_MPH_z,21,Average
Jessica Bouzas Maneiro,-0.000907177,f_second,Speed_MPH_z,58,Average
Jessica Pegula,0.07295691,f_second,Speed_MPH_z,3,Over-performer
Jodie Burrage,0.000706617,f_second,Speed_MPH_z,55,Average
Jule Niemeier,0.003358551,f_second,Speed_MPH_z,44,Average
Kaia Kanepi,0.001008648,f_second,Speed_MPH_z,53,Average
Kaja Juvan,-0.014054229,f_second,Speed_MPH_z,82,Average
Karolina Muchova,-0.055816798,f_second,Speed_MPH_z,113,Under-performer
Katerina Siniakova,-0.006661815,f_second,Speed_MPH_z,71,Average
Kateryna Kozlova,-0.026891217,f_second,Speed_MPH_z,94,Average
Katie Boulter,-0.008109539,f_second,Speed_MPH_z,74,Average
Katie Volynets,0.031164426,f_second,Speed_MPH_z,18,Average
Laura Siegemund,0.043226922,f_second,Speed_MPH_z,7,Over-performer
Lauren Davis,0.014023313,f_second,Speed_MPH_z,33,Average
Lesia Tsurenko,0.053713174,f_second,Speed_MPH_z,4,Over-performer
Lin Zhu,0.024982542,f_second,Speed_MPH_z,24,Average
Linda Noskova,-0.009497152,f_second,Speed_MPH_z,76,Average
Liudmila Samsonova,-0.035134762,f_second,Speed_MPH_z,104,Average
Lulu Sun,0.002795773,f_second,Speed_MPH_z,47,Average
Madison Brengle,0.004772974,f_second,Speed_MPH_z,43,Average
Madison Keys,-0.027599713,f_second,Speed_MPH_z,95,Average
Magda Linette,0.014333912,f_second,Speed_MPH_z,32,Average
Magdalena Frech,-0.009517151,f_second,Speed_MPH_z,77,Average
Maria Sakkari,0.018622118,f_second,Speed_MPH_z,30,Average
Marie Bouzkova,0.050328593,f_second,Speed_MPH_z,5,Over-performer
Marketa Vondrousova,-0.028059605,f_second,Speed_MPH_z,96,Average
Marta Kostyuk,-0.028354412,f_second,Speed_MPH_z,97,Average
Martina Trevisan,0.033284365,f_second,Speed_MPH_z,14,Average
McCartney Kessler,-0.032133979,f_second,Speed_MPH_z,101,Average
Mirra Andreeva,-0.036717911,f_second,Speed_MPH_z,106,Under-performer
Naomi Osaka,-0.015592893,f_second,Speed_MPH_z,84,Average
Nina Stojanovic,0.032068756,f_second,Speed_MPH_z,16,Average
Ons Jabeur,0.020527512,f_second,Speed_MPH_z,26,Average
Paula Badosa,0.028095423,f_second,Speed_MPH_z,20,Average
Petra Kvitova,-0.004271567,f_second,Speed_MPH_z,65,Average
Petra Martic,-0.029985937,f_second,Speed_MPH_z,100,Average
Qiang Wang,-0.047878505,f_second,Speed_MPH_z,111,Under-performer
Qinwen Zheng,0.025304265,f_second,Speed_MPH_z,22,Average
Renata Zarazua,0.032479935,f_second,Speed_MPH_z,15,Average
Robin Montgomery,0.003356333,f_second,Speed_MPH_z,45,Average
Sara Sorribes Tormo,0.019427432,f_second,Speed_MPH_z,28,Average
Shelby Rogers,0.001623996,f_second,Speed_MPH_z,51,Average
Shuai Zhang,0.025298732,f_second,Speed_MPH_z,23,Average
Simona Halep,0.075055984,f_second,Speed_MPH_z,2,Over-performer
Sloane Stephens,-0.034649341,f_second,Speed_MPH_z,103,Average
Sofia Kenin,0.003166824,f_second,Speed_MPH_z,46,Average
Sorana Cirstea,-0.096863649,f_second,Speed_MPH_z,115,Under-performer
Tatjana Maria,0.001979584,f_second,Speed_MPH_z,48,Average
Varvara Gracheva,0.0368765,f_second,Speed_MPH_z,12,Average
Venus Williams,-0.002936549,f_second,Speed_MPH_z,61,Average
Vera Zvonareva,-0.011557952,f_second,Speed_MPH_z,80,Average
Veronika Kudermetova,-0.003823305,f_second,Speed_MPH_z,63,Average
Victoria Azarenka,0.039949111,f_second,Speed_MPH_z,10,Over-performer
Viktorija Golubic,0.037767805,f_second,Speed_MPH_z,11,Average
Viktoriya Tomova,0.008913804,f_second,Speed_MPH_z,35,Average
Yafan Wang,-0.016086499,f_second,Speed_MPH_z,85,Average
Yulia Putintseva,-0.016437994,f_second,Speed_MPH_z,87,Average
Ajla Tomljanovic,-0.012907898,f_second,speed_ratio_z,110,Under-performer
Aliaksandra Sasnovich,-0.006528039,f_second,speed_ratio_z,93,Average
Alison Van Uytvanck,-0.00317717,f_second,speed_ratio_z,76,Average
Alize Cornet,0.010871282,f_second,speed_ratio_z,8,Over-performer
Amanda Anisimova,-0.001382322,f_second,speed_ratio_z,66,Average
Anastasia Pavlyuchenkova,-0.005518242,f_second,speed_ratio_z,91,Average
Anastasia Potapova,-0.002031482,f_second,speed_ratio_z,69,Average
Anastasija Sevastova,-0.002481613,f_second,speed_ratio_z,74,Average
Andrea Petkovic,-0.000174382,f_second,speed_ratio_z,55,Average
Anett Kontaveit,0.003964524,f_second,speed_ratio_z,32,Average
Angelique Kerber,0.008110937,f_second,speed_ratio_z,18,Average
Anhelina Kalinina,-0.00066787,f_second,speed_ratio_z,59,Average
Anna Blinkova,-0.001296474,f_second,speed_ratio_z,65,Average
Anna Kalinskaya,0.001564959,f_second,speed_ratio_z,41,Average
Arantxa Rus,-0.001652927,f_second,speed_ratio_z,68,Average
Aryna Sabalenka,-0.004734372,f_second,speed_ratio_z,88,Average
Ashleigh Barty,-0.011836766,f_second,speed_ratio_z,109,Under-performer
Ashlyn Krueger,-0.000603308,f_second,speed_ratio_z,58,Average
Barbora Krejcikova,0.030599341,f_second,speed_ratio_z,1,Over-performer
Beatriz Haddad Maia,0.002344219,f_second,speed_ratio_z,38,Average
Belinda Bencic,0.008058769,f_second,speed_ratio_z,20,Average
Bernarda Pera,-0.00344822,f_second,speed_ratio_z,79,Average
Bianca Andreescu,0.001340005,f_second,speed_ratio_z,42,Average
Brenda Fruhvirtova,-0.00911657,f_second,speed_ratio_z,104,Average
Camila Giorgi,0.002846643,f_second,speed_ratio_z,34,Average
Caroline Dolehide,0.000311133,f_second,speed_ratio_z,53,Average
Caroline Garcia,0.000962991,f_second,speed_ratio_z,44,Average
Caroline Wozniacki,-0.003718969,f_second,speed_ratio_z,80,Average
Caty McNally,-0.000171057,f_second,speed_ratio_z,54,Average
Clara Burel,-0.001250164,f_second,speed_ratio_z,64,Average
Clara Tauson,-0.006790248,f_second,speed_ratio_z,94,Average
Coco Gauff,0.017036802,f_second,speed_ratio_z,4,Over-performer
Cristina Bucsa,0.000379442,f_second,speed_ratio_z,51,Average
Dalma Galfi,-0.007824835,f_second,speed_ratio_z,99,Average
Danielle Collins,0.001731666,f_second,speed_ratio_z,40,Average
Daria Kasatkina,0.004260664,f_second,speed_ratio_z,31,Average
Daria Saville,-0.003029306,f_second,speed_ratio_z,75,Average
Dayana Yastremska,0.012155486,f_second,speed_ratio_z,5,Over-performer
Diana Shnaider,0.000465867,f_second,speed_ratio_z,49,Average
Diane Parry,0.002517442,f_second,speed_ratio_z,36,Average
Donna Vekic,0.006109866,f_second,speed_ratio_z,29,Average
Ekaterina Alexandrova,0.006396281,f_second,speed_ratio_z,27,Average
Elena Rybakina,-0.004848577,f_second,speed_ratio_z,90,Average
Elina Avanesyan,-0.000234684,f_second,speed_ratio_z,56,Average
Elina Svitolina,-0.01315894,f_second,speed_ratio_z,111,Under-performer
Elisabetta Cocciaretto,-0.007791047,f_second,speed_ratio_z,98,Average
Elise Mertens,0.008096988,f_second,speed_ratio_z,19,Average
Emma Navarro,-0.01004056,f_second,speed_ratio_z,106,Under-performer
Emma Raducanu,0.00839561,f_second,speed_ratio_z,17,Average
Fiona Ferro,-0.019294365,f_second,speed_ratio_z,114,Under-performer
Garbine Muguruza,-0.010705594,f_second,speed_ratio_z,108,Under-performer
Greet Minnen,-0.004739333,f_second,speed_ratio_z,89,Average
Harmony Tan,-0.000950269,f_second,speed_ratio_z,62,Average
Harriet Dart,-0.004215459,f_second,speed_ratio_z,85,Average
Heather Watson,-0.004121142,f_second,speed_ratio_z,84,Average
Iga Swiatek,-0.003413422,f_second,speed_ratio_z,78,Average
Jaqueline Cristian,-0.003940786,f_second,speed_ratio_z,82,Average
Jasmine Paolini,-0.004029842,f_second,speed_ratio_z,83,Average
Jelena Ostapenko,0.007061321,f_second,speed_ratio_z,23,Average
Jessica Bouzas Maneiro,-0.000687801,f_second,speed_ratio_z,60,Average
Jessica Pegula,0.023804452,f_second,speed_ratio_z,2,Over-performer
Jodie Burrage,0.000424395,f_second,speed_ratio_z,50,Average
Jule Niemeier,0.000611846,f_second,speed_ratio_z,46,Average
Kaia Kanepi,0.000323746,f_second,speed_ratio_z,52,Average
Kaja Juvan,-0.00464572,f_second,speed_ratio_z,86,Average
Karolina Muchova,-0.016335613,f_second,speed_ratio_z,113,Under-performer
Katerina Siniakova,-0.002170931,f_second,speed_ratio_z,72,Average
Kateryna Kozlova,-0.007427457,f_second,speed_ratio_z,96,Average
Katie Boulter,0.000564483,f_second,speed_ratio_z,47,Average
Katie Volynets,0.007917582,f_second,speed_ratio_z,22,Average
Laura Siegemund,0.010423839,f_second,speed_ratio_z,10,Over-performer
Lauren Davis,0.002484278,f_second,speed_ratio_z,37,Average
Lesia Tsurenko,0.009501644,f_second,speed_ratio_z,12,Average
Lin Zhu,0.006946261,f_second,speed_ratio_z,24,Average
Linda Noskova,-0.002481512,f_second,speed_ratio_z,73,Average
Liudmila Samsonova,-0.007207429,f_second,speed_ratio_z,95,Average
Lulu Sun,0.001838255,f_second,speed_ratio_z,39,Average
Madison Brengle,-0.000847293,f_second,speed_ratio_z,61,Average
Madison Keys,-0.006103248,f_second,speed_ratio_z,92,Average
Magda Linette,0.003094872,f_second,speed_ratio_z,33,Average
Magdalena Frech,-0.002052067,f_second,speed_ratio_z,70,Average
Maria Sakkari,0.008874931,f_second,speed_ratio_z,15,Average
Marie Bouzkova,0.011672702,f_second,speed_ratio_z,7,Over-performer
Marketa Vondrousova,-0.008537233,f_second,speed_ratio_z,101,Average
Marta Kostyuk,-0.008270785,f_second,speed_ratio_z,100,Average
Martina Trevisan,0.008425499,f_second,speed_ratio_z,16,Average
McCartney Kessler,-0.008766928,f_second,speed_ratio_z,103,Average
Mirra Andreeva,-0.010010068,f_second,speed_ratio_z,105,Average
Naomi Osaka,-0.002060074,f_second,speed_ratio_z,71,Average
Nina Stojanovic,0.009113162,f_second,speed_ratio_z,13,Average
Ons Jabeur,0.006200305,f_second,speed_ratio_z,28,Average
Paula Badosa,0.010348504,f_second,speed_ratio_z,11,Average
Petra Kvitova,-0.003885706,f_second,speed_ratio_z,81,Average
Petra Martic,-0.00756758,f_second,speed_ratio_z,97,Average
Qiang Wang,-0.013468821,f_second,speed_ratio_z,112,Under-performer
Qinwen Zheng,0.008910354,f_second,speed_ratio_z,14,Average
Renata Zarazua,0.007958494,f_second,speed_ratio_z,21,Average
Robin Montgomery,0.000875517,f_second,speed_ratio_z,45,Average
Sara Sorribes Tormo,0.002599711,f_second,speed_ratio_z,35,Average
Shelby Rogers,0.000554759,f_second,speed_ratio_z,48,Average
Shuai Zhang,0.006414173,f_second,speed_ratio_z,26,Average
Simona Halep,0.021445769,f_second,speed_ratio_z,3,Over-performer
Sloane Stephens,-0.010417888,f_second,speed_ratio_z,107,Under-performer
Sofia Kenin,-0.001537862,f_second,speed_ratio_z,67,Average
Sorana Cirstea,-0.028953213,f_second,speed_ratio_z,115,Under-performer
Tatjana Maria,0.006648833,f_second,speed_ratio_z,25,Average
Varvara Gracheva,0.010627186,f_second,speed_ratio_z,9,Over-performer
Venus Williams,-0.000491282,f_second,speed_ratio_z,57,Average
Vera Zvonareva,-0.003177462,f_second,speed_ratio_z,77,Average
Veronika Kudermetova,-0.001041945,f_second,speed_ratio_z,63,Average
Victoria Azarenka,0.012155256,f_second,speed_ratio_z,6,Over-performer
Viktorija Golubic,0.005688009,f_second,speed_ratio_z,30,Average
Viktoriya Tomova,0.001022612,f_second,speed_ratio_z,43,Average
Yafan Wang,-0.004670344,f_second,speed_ratio_z,87,Average
Yulia Putintseva,-0.008630566,f_second,speed_ratio_z,102,Average
